{
    "NETWORK": {
        "29736": "SERVER_ID",
        "57078": "CLIENT_ID"
    },
    "NETPLAYER": {
        "0": "TYPE_PLAYER1",
        "1": "TYPE_PLAYER2",
        "2": "TYPE_PLAYER3",
        "3": "TYPE_PLAYER4",
        "4": "TYPE_PLAYER5",
        "5": "TYPE_PLAYER6",
        "7": "TYPE_OBSERVER"
    },
    "CTOS": {
        "1": "RESPONSE",
        "2": "UPDATE_DECK",
        "3": "HAND_RESULT",
        "4": "TP_RESULT",
        "16": "PLAYER_INFO",
        "17": "CREATE_GAME",
        "18": "JOIN_GAME",
        "19": "LEAVE_GAME",
        "20": "SURRENDER",
        "21": "TIME_CONFIRM",
        "22": "CHAT",
        "32": "HS_TODUELIST",
        "33": "HS_TOOBSERVER",
        "34": "HS_READY",
        "35": "HS_NOTREADY",
        "36": "HS_KICK",
        "37": "HS_START",
        "48": "REQUEST_FIELD"
    },
    "STOC": {
        "1": "GAME_MSG",
        "2": "ERROR_MSG",
        "3": "SELECT_HAND",
        "4": "SELECT_TP",
        "5": "HAND_RESULT",
        "6": "TP_RESULT",
        "7": "CHANGE_SIDE",
        "8": "WAITING_SIDE",
        "17": "CREATE_GAME",
        "18": "JOIN_GAME",
        "19": "TYPE_CHANGE",
        "20": "LEAVE_GAME",
        "21": "DUEL_START",
        "22": "DUEL_END",
        "23": "REPLAY",
        "24": "TIME_LIMIT",
        "25": "CHAT",
        "32": "HS_PLAYER_ENTER",
        "33": "HS_PLAYER_CHANGE",
        "34": "HS_WATCH_CHANGE",
        "48": "FIELD_FINISH"
    },
    "PLAYERCHANGE":{
        "8": "OBSERVE",
        "9": "READY",
        "10": "NOTREADY",
        "11": "LEAVE"
    },
    "ERRMSG": {
        "1": "JOINERROR",
        "2": "DECKERROR",
        "3": "SIDEERROR",
        "4": "VERERROR"
    },
    "MODE": {
        "0": "SINGLE",
        "1": "MATCH",
        "2": "TAG"
    },
    "MSG": {
        "1": "RETRY",
        "2": "HINT",
        "3": "WAITING",
        "4": "START",
        "5": "WIN",
        "6": "UPDATE_DATA",
        "7": "UPDATE_CARD",
        "8": "REQUEST_DECK",
        "10": "SELECT_BATTLECMD",
        "11": "SELECT_IDLECMD",
        "12": "SELECT_EFFECTYN",
        "13": "SELECT_YESNO",
        "14": "SELECT_OPTION",
        "15": "SELECT_CARD",
        "16": "SELECT_CHAIN",
        "18": "SELECT_PLACE",
        "19": "SELECT_POSITION",
        "20": "SELECT_TRIBUTE",
        "21": "SORT_CHAIN",
        "22": "SELECT_COUNTER",
        "23": "SELECT_SUM",
        "24": "SELECT_DISFIELD",
        "25": "SORT_CARD",
        "26": "SELECT_UNSELECT_CARD",
        "30": "CONFIRM_DECKTOP",
        "31": "CONFIRM_CARDS",
        "32": "SHUFFLE_DECK",
        "33": "SHUFFLE_HAND",
        "34": "REFRESH_DECK",
        "35": "SWAP_GRAVE_DECK",
        "36": "SHUFFLE_SET_CARD",
        "37": "REVERSE_DECK",
        "38": "DECK_TOP",
        "39": "MSG_SHUFFLE_EXTRA",
        "40": "NEW_TURN",
        "41": "NEW_PHASE",
        "42": "CONFIRM_EXTRATOP",
        "50": "MOVE",
        "53": "POS_CHANGE",
        "54": "SET",
        "55": "SWAP",
        "56": "FIELD_DISABLED",
        "60": "SUMMONING",
        "61": "SUMMONED",
        "62": "SPSUMMONING",
        "63": "SPSUMMONED",
        "64": "FLIPSUMMONING",
        "65": "FLIPSUMMONED",
        "70": "CHAINING",
        "71": "CHAINED",
        "72": "CHAIN_SOLVING",
        "73": "CHAIN_SOLVED",
        "74": "CHAIN_END",
        "75": "CHAIN_NEGATED",
        "76": "CHAIN_DISABLED",
        "80": "CARD_SELECTED",
        "81": "RANDOM_SELECTED",
        "83": "BECOME_TARGET",
        "90": "DRAW",
        "91": "DAMAGE",
        "92": "RECOVER",
        "93": "EQUIP",
        "94": "LPUPDATE",
        "95": "UNEQUIP",
        "96": "CARD_TARGET",
        "97": "CANCEL_TARGET",
        "100": "PAY_LPCOST",
        "101": "ADD_COUNTER",
        "102": "REMOVE_COUNTER",
        "110": "ATTACK",
        "111": "BATTLE",
        "112": "ATTACK_DISABLED",
        "113": "DAMAGE_STEP_START",
        "114": "DAMAGE_STEP_END",
        "120": "MISSED_EFFECT",
        "121": "BE_CHAIN_TARGET",
        "122": "CREATE_RELATION",
        "123": "RELEASE_RELATION",
        "130": "TOSS_COIN",
        "131": "TOSS_DICE",
        "132": "ROCK_PAPER_SCISSORS",
        "133": "HAND_RES",
        "140": "ANNOUNCE_RACE",
        "141": "ANNOUNCE_ATTRIB",
        "142": "ANNOUNCE_CARD",
        "143": "ANNOUNCE_NUMBER",
        "160": "CARD_HINT",
        "161": "TAG_SWAP",
        "162": "RELOAD_FIELD",
        "163": "AI_NAME",
        "164": "SHOW_HINT",
        "170": "MATCH_KILL",
        "180": "CUSTOM_MSG"
    },
    "TIMING":{
        "1": "DRAW_PHASE",
        "2": "STANDBY_PHASE",
        "4": "MAIN_END",
        "8": "BATTLE_START",
        "16": "BATTLE_END",
        "32": "END_PHASE",
        "64": "SUMMON",
        "128": "SPSUMMON",
        "256": "FLIPSUMMON",
        "512": "MSET",
        "1024": "SSET",
        "2048": "POS_CHANGE",
        "4096": "ATTACK",
        "8192": "DAMAGE_STEP",
        "16384": "DAMAGE_CAL",
        "32768": "CHAIN_END",
        "65536": "DRAW",
        "131072": "DAMAGE",
        "262144": "RECOVER",
        "524288": "DESTROY",
        "1048576": "REMOVE",
        "2097152": "TOHAND",
        "4194304": "TODECK",
        "8388608": "TOGRAVE",
        "16777216": "BATTLE_PHASE",
        "33554432": "EQUIP"
    },
    "TYPES": {
        "TYPE_MONSTER": 1,
        "TYPE_SPELL": 2,
        "TYPE_TRAP": 4,
        "TYPE_NORMAL": 16,
        "TYPE_EFFECT": 32,
        "TYPE_FUSION": 64,
        "TYPE_RITUAL": 128,
        "TYPE_TRAPMONSTER": 256,
        "TYPE_SPIRIT": 512,
        "TYPE_UNION": 1024,
        "TYPE_DUAL": 2048,
        "TYPE_TUNER": 4096,
        "TYPE_SYNCHRO": 8192,
        "TYPE_TOKEN": 16384,
        "TYPE_QUICKPLAY": 65536,
        "TYPE_CONTINUOUS": 131072,
        "TYPE_EQUIP": 262144,
        "TYPE_FIELD": 524288,
        "TYPE_COUNTER": 1048576,
        "TYPE_FLIP": 2097152,
        "TYPE_TOON": 4194304,
        "TYPE_XYZ": 8388608,
        "TYPE_PENDULUM": 16777216,
        "TYPE_SPSUMMON": 33554432,
        "TYPE_LINK": 67108864
    },
    "RACES": {
        "RACE_WARRIOR": 1,
        "RACE_SPELLCASTER": 2,
        "RACE_FAIRY": 4,
        "RACE_FIEND": 8,
        "RACE_ZOMBIE": 16,
        "RACE_MACHINE": 32,
        "RACE_AQUA": 64,
        "RACE_PYRO": 128,
        "RACE_ROCK": 256,
        "RACE_WINDBEAST": 512,
        "RACE_PLANT": 1024,
        "RACE_INSECT": 2048,
        "RACE_THUNDER": 4096,
        "RACE_DRAGON": 8192,
        "RACE_BEAST": 16384,
        "RACE_BEASTWARRIOR": 32768,
        "RACE_DINOSAUR": 65536,
        "RACE_FISH": 131072,
        "RACE_SEASERPENT": 262144,
        "RACE_REPTILE": 524288,
        "RACE_PSYCHO": 1048576,
        "RACE_DEVINE": 2097152,
        "RACE_CREATORGOD": 4194304,
        "RACE_WYRM": 8388608,
        "RACE_CYBERS": 16777216
    },
    "ATTRIBUTES": {
        "ATTRIBUTE_EARTH": 1,
        "ATTRIBUTE_WATER": 2,
        "ATTRIBUTE_FIRE": 4,
        "ATTRIBUTE_WIND": 8,
        "ATTRIBUTE_LIGHT": 16,
        "ATTRIBUTE_DARK": 32,
        "ATTRIBUTE_DEVINE": 64
    },
    "LINK_MARKERS": {
        "LINK_MARKER_BOTTOM_LEFT": 1,
        "LINK_MARKER_BOTTOM": 2,
        "LINK_MARKER_BOTTOM_RIGHT": 4,
        "LINK_MARKER_LEFT": 8,
        "LINK_MARKER_RIGHT": 32,
        "LINK_MARKER_TOP_LEFT": 64,
        "LINK_MARKER_TOP": 128,
        "LINK_MARKER_TOP_RIGHT": 256
    },
    "DUEL_STAGE": {
        "BEGIN": 0,
        "FINGER": 1,
        "FIRSTGO": 2,
        "DUELING": 3,
        "SIDING": 4,
        "END": 5
    },
    "COLORS": {
        "LIGHTBLUE": 8,
        "RED": 11,
        "GREEN": 12,
        "BLUE": 13,
        "BABYBLUE": 14,
        "PINK": 15,
        "YELLOW": 16,
        "WHITE": 17,
        "GRAY": 18,
        "DARKGRAY": 19
    }
}
