{
 "en-us": {
    "random_duel_enter_room_waiting": "Your opponent is ready, start now!",
    "random_duel_enter_room_new": "Game created, waiting for random opponent.",
    "random_duel_enter_room_match": "Match mode, competitive decks recommended",
    "random_banned_part1": "You have been banned from the game due to ",
    "random_banned_part2": ", it will last until ",
    "random_banned_part3": ".",
    "random_deprecated_part1": "Because of your ",
    "random_deprecated_part2": ", in recent games，you will only suffer other players who are under same punishment as you in ",
    "random_deprecated_part3": ".",
    "random_warn_part1": "The system detects that recently you had ",
    "random_warn_part2": " in recent games, you will be penalized after 3 offences",
    "random_ban_reason_separator": "/",
    "random_ban_reason_flee": "Flee",
    "random_ban_reason_AFK": "AFK",
    "random_ban_reason_abuse": "Abusing",
    "random_ban_reason_zombie": "Zombie",
    "windbot_deck_not_found": "Oops, AI or Deck not found",
    "windbot_name_too_long": "Error occurs, please create a new game and enter /ai to summon an AI.",
    "create_room_failed": "Game creation failed, please try again later.",
    "add_windbot_failed": "AI addition failed, enter /ai again.",
    "quit_watch": "quited spectating",
    "left_game": "quited game",
    "disconnect_from_game": "disconnected from the game",
    "reconnect_to_game": "reconnected to the game",
    "server_closed": "Connection terminated.",
    "server_error": "Server error:",
    "cloud_replay_no": "Replay not found.",
    "cloud_replay_error": "Replay opening failed.",
    "cloud_replay_playing": "Accessing cloud replay",
    "cloud_replay_hint": "These are the recent saved replay codes, please enter the replay code at the password column to access it.",
    "blank_room_name": "Blank room name is unallowed, please fill in something.",
    "loading_user_info": "Loading user info...",
    "invalid_password_length": "Password invalid (Invalid Length)",
    "invalid_password_payload": "Password invalid (Invalid Payload Length)",
    "invalid_password_unauthorized": "Password invalid (Unauthorized)",
    "invalid_password_existed": "Password invalid (Already Existed)",
    "invalid_password_not_found": "Password invalid (Not Found)",
    "invalid_password_action": "Password invalid (Invalid Action)",
    "invalid_password_checksum": "Password incorrect (Checksum Failed) (Please re-login your account.)",
    "bad_user_name": "Please enter the correct ID",
    "server_full": "Server is full, please try again later.",
    "too_much_connection": "Too many clients running at the moment! ",
    "banned_ip_login": "You have been banned.",
    "banned_user_login": "You have been banned.",
    "bad_name_level3": "Your ID contains illegal words.",
    "bad_name_level2": "Your ID contains illegal words.",
    "bad_name_level1": "Your ID contains inappropriate words.",
    "invalid_password_room": "Password incorrect",
    "outdated_client": "You are currently using an outdated client, unknown errors may occur, please update.",
    "watch_join": "joined as spectator.",
    "watch_watching": "Spectating.",
    "watch_denied": "Duel has begun, spectating is unallowed",
    "watch_denied_room": "Spectating is unallowed in this room",
    "rank_arena": ", Your ranking is",
    "rank_blank": ", You are not ranked.",
    "exp_value_part1": ", You have ",
    "exp_value_part2": " exp",
    "exp_value_part3": ", your score is ",
    "exp_value_part4": ". These points may be reset after the stable release of MyCard.",
    "random_score_part1": "Today's record of ",
    "random_score_part2": ": ",
    "random_score_part3": "% WIN, ",
    "random_score_part4_combo": "% RAGE QUIT, WIN COMBO ",
    "random_score_part5_combo": " !",
    "random_score_part4": "%",
    "random_score_blank": " didn't have enough duel record today.",
    "random_score_not_enough": " didn't have enough duel record today.",
    "lp_low_opponent": "もはやお前のライフは風前の灯！",
    "lp_low_self": "*Low LP Alert*",
    "kicked_by_player": "was evicted from the game.",
    "kicked_by_system": "was evicted from the game by server.",
    "kick_count_down": " seconds later the host will be evicted for not starting the game.",
    "kick_count_down_arena_part1": " seconds later the player ",
    "kick_count_down_arena_part2": " will be evicted for not getting ready or starting the game.",
    "chat_order_main": "Mycard YGOPro Server function list",
    "chat_order_help": "/help show this list",
    "chat_order_roomname": "/roomname show room name",
    "chat_order_windbot": "/ai to add an AI, /ai name to add selected AI ",
    "chat_order_tip": "/tip show a tip",
    "chat_order_chatcolor_1": "/color show the current chat color, /color colorname set the chat color",
    "chat_order_chatcolor_2": "/color default restore the default chat color, /color help list all available color",
    "room_name": "Room name is",
    "banned_chat_tip": "You are banned from chatting.",
    "banned_duel_tip": "You are banned from the random duel system for sending inappropriate messages.",
    "chat_warn_level0": "WARNING: Please stop sending inappropriate messages.",
    "chat_warn_level2": "WARNING: Your conversation is inappropriate!",
    "chat_warn_level1": "WARNING: Please use civilised language.",
    "chat_banned": "is banned from chat.",
    "deck_correct_part1": "Your deck",
    "deck_correct_part2": "has passed the deck check for this tournament.",
    "deck_incorrect_part1": "The deck you are using is not the same as your submitted deck",
    "deck_incorrect_part2": ". Please make sure all the cards are in the correct sequence.",
    "deck_not_found": ", we did not receive your registration. Please make sure you are using the correct ID for the tournament.",
    "cloud_replay_delay_part1": "The replay code for last duel is ",
    "cloud_replay_delay_part2": ". It can be accessed after this match.",
    "afk_warn_part1": "no opreation too long, will be disconnected after ",
    "afk_warn_part2": " seconds",
    "surrender_confirm": "Are you sure? Enter /surrender again to confirm.",
    "surrender_canceled": "Surrender canceled.",
    "surrender_denied": "Please don't surrender in the first 2 turns.",
    "unwelcome_warn_part1": "If you keep doing ",
    "unwelcome_warn_part2": ", your opponent may leave you.",
    "unwelcome_tip_part1": "Your oppenent did ",
    "unwelcome_tip_part2": ", so you can leave the game without being punished.",
    "cannot_to_observer": "Spectating is not allowed in a matchup.",
    "death_cancel": "Over-match has been canceled from this game.",
    "death_start": "Over-time match has begun, player with higher LP will win the single game after 4 turns.",
    "death_start_phase": "Over-time match has begun, player with higher LP will win the single game after each phase ends.",
    "death_start_siding": "Extra time match starts, player with higher LP will win the single game after 4 turns.",
    "death_start_quick": "Extra time match starts, you are getting into sudden-death match next round. The Duel continues until the first change in LP happens.",
    "death_start_final": "You are getting into sudden-death match, the Duel continues until the first change in LP happens.",
    "death_start_extra": "The Duel is counted as extra duel which will end in 4 turns, player with higher LP will win.",
    "death_remain_part1": "The Duel will be ended in ",
    "death_remain_part2": " turns. At the end of that turn, player with higher LP wins.",
    "death_remain_final": "The Duel will continue until the first change in LP (and increase or a decrease), and at the end of the turn, the player with the highest LP total becomes the winner.",
    "death_finish_part1": "Extra time duel ends, congratulations. ",
    "death_finish_part2": ", You win the Duel.",
    "death2_finish_part1": "Extra time match ends, congratulations. ",
    "death2_finish_part2": ", You win the Match.",
    "side_timeout_part1": "Changing side time is limited to ",
    "side_timeout_part2": " minutes.",
    "side_overtime": "You lose because you run out your side time.",
    "side_overtime_room": " lose because running out side time.",
    "side_remain_part1": "Only ",
    "side_remain_part2": " minutes left for changing side.",
    "get_chat_color_part1": "Your chat color: ",
    "get_chat_color_part2": " .",
    "get_chat_color_default": "Your chat color is not set, enter /color colorname to set it.",
    "set_chat_color_part1": "Chat color is now ",
    "set_chat_color_part2": " ,",
    "set_chat_color_default": "Chat color is restored to default.",
    "color_not_found_part1": "Color ",
    "color_not_found_part2": " is not available, enter /color help to list all available color.",
    "show_color_list": "Available chat colors: ",
    "retry_not_counted": "You have performed an illegal operation.",
    "retry_part1": "You have performed an illegal operation ",
    "retry_part2": " times. You will be kicked from the room if you perform an illegal operation ",
    "retry_part3": " times.",
    "retry_too_much_part1": "You have been kicked from the room for having performed an illegal operation ",
    "retry_too_much_part2": " times.",
    "retry_too_much_room_part1": " was kicked from the room for performing an illegal operation ",
    "retry_too_much_room_part2": " times.",
    "pre_reconnecting_to_room": "You will be reconnected to your previous game. Please pick your previous deck.",
    "deck_incorrect_reconnect": "Please pick your previous deck.",
    "reconnect_failed": "Reconnect failed.",
    "reconnecting_to_room": "Reconnecting to server...",
    "reconnect_kicked": "You are kicked out because you're logged in on other devices.",
    "challonge_user_not_found": "You are not a participant of the tournament.",
    "challonge_match_load_failed": "Failed loading tournament info.",
    "challonge_match_not_found": "Your current match was not found.",
    "challonge_match_already_finished": "Your current match was already finished. Please call the judge for any help.",
    "challonge_match_created": "A room for match only is created. Your opponent will join in automatically.",
    "challonge_player_already_in": "Please do not enter the room you are already in.",
    "replay_hint_part1": "Sending the replay of the duel number ",
    "replay_hint_part2": ".",
    "arena_wait_hint": "If you opponent does not appear within 25 seconds, you may quit without any penalty.",
    "arena_wait_timeout": "Your opponent did not appear, you may quit without any penalty.",
    "auto_death_part1": "This room is an auto-extra-duel room. The Extra Duel will begin after ",
    "auto_death_part2": " minutes.",
    "athletic_arena_tip": "During an athletic match, a game quit behavior is regarded as a surrender.",
    "windbot_disable_random_room": "By adding the AI, this random game won't get any new player unless they enter the room name:"
  },
  "es-es": {
    "random_duel_enter_room_waiting": "Tu oponente esta listo, Iniciar!",
    "random_duel_enter_room_new": "Sala Creada, esperando un oponente al azar.",
    "random_duel_enter_room_match": "Modo Partida, se recomienda Deck Competitivos",
    "random_banned_part1": "Has sido Baneado de la sala debido a ",
    "random_banned_part2": ", durará hasta ",
    "random_banned_part3": ".",
    "random_deprecated_part1": "Por tu ",
    "random_deprecated_part2": ", en un juego reciente, vas a recibir el mismo castigo como cualquier otro jugador ",
    "random_deprecated_part3": ".",
    "random_warn_part1": "El sistema detecto que recientemente tuviste ",
    "random_warn_part2": " en un juego reciente, seras penalizado despues de 3 Ofensas",
    "random_ban_reason_separator": "/",
    "random_ban_reason_flee": "Huir",
    "random_ban_reason_AFK": "Ausencia",
    "random_ban_reason_abuse": "Abuso",
    "random_ban_reason_zombie": "Zombi",
    "windbot_deck_not_found": "Oops, IA ó Deck no funciona",
    "windbot_name_too_long": "Se produjo un error, Porfavor crea un nueva sala e ingresa /IA a convocado un IA.",
    "create_room_failed": "Fallo la creación de la Sala, Porfavor pruebe otra vez mas tarde.",
    "add_windbot_failed": "Fallo al adicionar el IA, ingrese /ai otra vez.",
    "quit_watch": "Salir de Espectador ",
    "left_game": "Salir del Juego",
    "server_closed": "Conexión Termina.",
    "server_error": "Error del Servidor:",
    "cloud_replay_no": "No funciona el Replay.",
    "cloud_replay_error": "Falla al abrir el Replay.",
    "cloud_replay_playing": "Acceder al Replay en la nube",
    "cloud_replay_hint": "Estos son los códigos de los Replay recientemente, ingrese el código de Replay en la columna de contraseña para acceder a él.",
    "blank_room_name": "El nombre de la Sala esta en Blanco, ingrese un nombre.",
    "loading_user_info": "Cargando información del usuario...",
    "invalid_password_length": "Contraseña incorrecta (Largo no valido)",
    "invalid_password_payload": "Contraseña incorrecta (Largo de carga util no valido)",
    "invalid_password_unauthorized": "Contraseña incorrecta (No autorizado)",
    "invalid_password_existed": "Contraseña incorrecta (Ya existe)",
    "invalid_password_not_found": "Contraseña incorrecta (No Encontrado)",
    "invalid_password_action": "Contraseña incorrecta (Acción no validad)",
    "invalid_password_checksum": "Contraseña incorrecta (Comprobación fallida)",
    "bad_user_name": "Ingre un el correcto ID",
    "server_full": "Servidor esta lleno, intente mas tarde.",
    "too_much_connection": "Demasiados clientes funcionando en este momento! ",
    "banned_ip_login": "Usted a sido Baneado.",
    "banned_user_login": "Usted a sido Baneado.",
    "bad_name_level3": "Tu ID contiene palabras ilegales.",
    "bad_name_level2": "Tu ID contiene palabras ilegales.",
    "bad_name_level1": "Tu ID contiene palabras inapropiadas.",
    "invalid_password_room": "Contraseña incorrecta",
    "outdated_client": "Estas usando un cliente obsoleto, pueden ocurrir errores desconocidos, actualize a una versión.",
    "watch_join": "Unido como espectador.",
    "watch_watching": "Espectador.",
    "watch_denied": "El Duelo a iniciado, los espectadores no estan permitidos",
    "rank_arena": ", Tu Clasificación es",
    "rank_blank": ", No tienes Calsificación.",
    "exp_value_part1": ", Tienes ",
    "exp_value_part2": " exp",
    "exp_value_part3": ", Tu puntaje es ",
    "exp_value_part4": ". Estos puntos pueden reiniciar despues de una versión estable de MyCard.",
    "lp_low_opponent": "Tu vida ya no es la luz del viento！",
    "lp_low_self": "*Alerta puntos de vida bajos*",
    "kicked_by_player": "Fue expulsado del juego.",
    "kicked_by_system": "Fue expulsado del juego por el Servidor.",
    "kick_count_down": " segundos tarde el anfitrion sera expulsado por no iniciar el juego.",
    "kick_count_down_arena_part1": " segundos despues del jugador ",
    "kick_count_down_arena_part2": " sera expuldado por no prepararse o iniciar el juego.",
    "chat_order_main": "Lista de funciones del Servidor de Mycard YGOPro",
    "chat_order_help": "/help muestra la lista",
    "chat_order_roomname": "/roomname muestra nombre de la sala",
    "chat_order_windbot": "/ai Agrega un IA, /ai nombre para agregar un IA definida ",
    "chat_order_tip": "/tip muestra consejos",
    "chat_order_chatcolor_1": "/color muestra el color del chat actual, /color Nombre Color estable el color del chat",
    "chat_order_chatcolor_2": "/color default restaura el color por defecto del chat, /color Ayuda muestra la lista de colores",
    "room_name": "El nombre de la Sala es ",
    "banned_chat_tip": "Estas Prohibido chatear.",
    "banned_duel_tip": "Estas Baneado del Sistema de Duelos por enviar mensajes inapropiados.",
    "chat_warn_level0": "ADVERTENCIA: Pare de enviar mensajes inapropiados.",
    "chat_warn_level2": "ADVERTENCIA: Tu conversación es inapropiada!",
    "chat_warn_level1": "ADVERTENCIA: Use lenguaje civilizado.",
    "chat_banned": "Esta prohibido del Chat.",
    "deck_correct_part1": "Tu Deck",
    "deck_correct_part2": "has pasado el control de Deck del Torneo.",
    "deck_incorrect_part1": "El Deck que estas usando no es el mismo que enviaste",
    "deck_incorrect_part2": ". Asegurece que todas las cartas estan en la secuencia correcta.",
    "deck_not_found": ", No recibimos su registro. Asegurate de estar usando la correcta ID para el torneo.",
    "cloud_replay_delay_part1": "El Codigo del Replay del ultimo duelo es ",
    "cloud_replay_delay_part2": ". Puedes acceder despues de esta partida.",
    "afk_warn_part1": "No se ha recibido una respuesta por un largo tiempo, sera desconectado despues ",
    "afk_warn_part2": " segundos",
    "surrender_confirm": "Estas seguro de Rendirte? Ingrese /surrender otra vez para confirmar.",
    "surrender_canceled": "Cancelar Rendición.",
    "surrender_denied": "Por favor no te rindas en los 2 primeros turnos.",
    "unwelcome_warn_part1": "Si sigues haciendo ",
    "unwelcome_warn_part2": ", tu oponente puede dejarte.",
    "unwelcome_tip_part1": "Tu oponente hizo ",
    "unwelcome_tip_part2": ", para que puedas abandonar el juego sin ser castigado.",
    "cannot_to_observer": "Espectadores no estan permitidos en un enfrentamiento.",
    "death_cancel": "El tiempo extra de esta sala ha sido cancelado.",
    "death_start": "El tiempo extra de la partida a iniciado, el jugador con mayor LP ganará el Duelo individual luego de 4 turnos.",
    "death_start_siding": "El tiempo extra de la partida a iniciado, el jugador con mayor LP ganará el Duelo individual luego de 4 turnos.",
    "death_start_quick": "Comienza un partido de tiempo extra, te enfrentas al combate de muerte súbita la próxima ronda. El Duelo continúa hasta que ocurre el primer cambio en LP.",
    "death_start_final": "Estás en un combate de muerte súbita, el Duelo continúa hasta que ocurre el primer cambio en el LP..",
    "death_start_extra": "El Duelo se cuenta como un duelo extra que finalizará en 4 turnos, el jugador con un LP más alto ganará.",
    "death_remain_part1": "El Duelo termina en ",
    "death_remain_part2": " turnos. Al final de ese turno, el jugador con mayor LP gana.",
    "death_remain_final": "El Duelo continuará hasta el primer cambio en LP (y aumentará o disminuirá), y al final del turno, el jugador con el total de LP más alto se convertirá en el ganador.",
    "death_finish_part1": "El duelo de tiempo extra termina, felicitaciones. ",
    "death_finish_part2": ", Ganaste el Duelo.",
    "death2_finish_part1": "La Partida de tiempo extra termina, felicitaciones. ",
    "death2_finish_part2": ", Ganaste la Partida.",
    "side_timeout_part1": "Cambiando el tiempo a ",
    "side_timeout_part2": " minutos.",
    "side_overtime": "Pierdes porque te quedas sin tiempo.",
    "side_overtime_room": " Pierdes por que te quedaste sin tiempo.",
    "side_remain_part1": "Solo ",
    "side_remain_part2": " minutos para cambiar de lado.",
    "get_chat_color_part1": "Tu color de chat: ",
    "get_chat_color_part2": " .",
    "get_chat_color_default": "Tu color de chat no esta definido, ingresa /color Nombre Color para configurar.",
    "set_chat_color_part1": "El color del chat es ahora ",
    "set_chat_color_part2": " ,",
    "set_chat_color_default": "El color del chat se restaura por defecto.",
    "color_not_found_part1": "El Color ",
    "color_not_found_part2": " no esta disponible, ingrese /color Ayuda para mostar los colores permitidos.",
    "show_color_list": "Colores de chat Disponible: ",
    "retry_not_counted": "Tu operación es ilegal.",
    "retry_part1": "Tu operación es ilegal. Esto es la ",
    "retry_part2": " vez. Vas a ser expulsado de la sala si hace una operación ilegal por la ",
    "retry_part3": " vez.",
    "retry_too_much_part1": "Has sido expulsado de la sala por hacer operaciones ilegales por la ",
    "retry_too_much_part2": " vez.",
    "retry_too_much_room_part1": " fue expulsado de la sala por hacer operaciones ilegales por la ",
    "retry_too_much_room_part2": " vez.",
    "pre_reconnecting_to_room": "Vas a ser reconectado a tu juego anterior. Por favor, escoja tu Deck anterior.",
    "deck_incorrect_reconnect": "Por favor, escoja tu Deck anterior.",
    "reconnect_failed": "Fallo al reconectar.",
    "reconnecting_to_room": "Reconectando al servidor...",
    "reconnect_kicked": "Fuiste expulsado porque estás conectado a otros dispositivos.",
    "challonge_user_not_found": "No eres participante del torneo.",
    "challonge_match_load_failed": "Fallo al cargar información del torneo.",
    "challonge_match_not_found": "No se pudo encontrar tu partida.",
    "challonge_match_already_finished": "Tu partida actual ya ha terminado. Por favor, llama a un juez para ayuda.",
    "challonge_match_created": "Una sala de sólo partidas creada. Tu oponente se unirá automáticamente.",
    "challonge_player_already_in": "Por favor, no entres en la sala en la que ya estás.",
    "athletic_arena_tip": "Durante una Partdida deportiva, un comportamiento de abandono se considera una rendición."
  },
  "zh-cn": {
    "random_duel_enter_room_waiting": "对手已经在等你了，开始决斗吧！",
    "random_duel_enter_room_new": "已建立随机对战房间，正在等待对手！",
    "random_duel_enter_room_match": "您进入了比赛模式的房间，我们推荐使用竞技卡组！",
    "random_banned_part1": "因为您近期在游戏中多次",
    "random_banned_part2": "，您已被禁止使用随机对战功能，将在",
    "random_banned_part3": "后解封",
    "random_deprecated_part1": "因为您近期在游戏中",
    "random_deprecated_part2": "，在",
    "random_deprecated_part3": "内您随机对战时只能遇到其他违规玩家。",
    "random_warn_part1": "系统检测到您近期在游戏中",
    "random_warn_part2": "，若您违规超过3次，将受到惩罚",
    "random_ban_reason_separator": "、",
    "random_ban_reason_flee": "强退",
    "random_ban_reason_AFK": "挂机",
    "random_ban_reason_abuse": "发言违规",
    "random_ban_reason_zombie": "挂房间",
    "windbot_deck_not_found": "未找到该AI角色或卡组",
    "windbot_name_too_long": "AI房间名过长，请在建立房间后输入 /ai 来添加AI",
    "create_room_failed": "建立房间失败，请重试",
    "add_windbot_failed": "添加AI失败，可尝试输入 /ai 重新添加",
    "quit_watch": "退出了观战",
    "left_game": "离开了游戏",
    "disconnect_from_game": "断开了连接",
    "reconnect_to_game": "重新连接了",
    "server_closed": "服务器关闭了连接",
    "server_error": "服务器错误:",
    "cloud_replay_no": "没有找到录像",
    "cloud_replay_error": "播放录像出错",
    "cloud_replay_playing": "正在观看云录像",
    "cloud_replay_hint": "以下是您近期的云录像，密码处输入 R#录像编号 即可观看",
    "blank_room_name": "房间名不能为空，请在主机密码处填写房间名",
    "loading_user_info": "正在读取用户信息...",
    "invalid_password_length": "主机密码不正确 (Invalid Length)",
    "invalid_password_payload": "主机密码不正确 (Invalid Payload Length)",
    "invalid_password_unauthorized": "主机密码不正确 (Unauthorized)",
    "invalid_password_existed": "主机密码不正确 (Already Existed)",
    "invalid_password_not_found": "主机密码不正确 (Not Found)",
    "invalid_password_action": "主机密码不正确 (Invalid Action)",
    "invalid_password_checksum": "主机密码不正确 (Checksum Failed) (请退出并重新登录你的账号)",
    "bad_user_name": "请输入正确的用户名",
    "server_full": "服务器已经爆满，请稍候再试",
    "too_much_connection": "同时开启的客户端数量过多 ",
    "banned_ip_login": "您的账号已被封禁",
    "banned_user_login": "您的账号已被封禁",
    "bad_name_level3": "您的用户名存在不适当的内容",
    "bad_name_level2": "您的用户名存在不适当的内容",
    "bad_name_level1": "您的用户名存在不适当的内容，请注意更改",
    "invalid_password_room": "房间密码不正确",
    "outdated_client": "您的版本号过低，可能出现未知问题，请升级版本",
    "watch_join": "加入了观战",
    "watch_watching": "观战中",
    "watch_denied": "决斗已开始，不允许观战",
    "watch_denied_room": "本房间不允许观战",
    "rank_arena": "，排名第",
    "rank_blank": "，暂无排名",
    "exp_value_part1": "，你有",
    "exp_value_part2": "点经验",
    "exp_value_part3": "，你的战斗力是",
    "exp_value_part4": "。竞技场部分积分按赛季重置。",
    "random_score_part1": "",
    "random_score_part2": "的今日战绩：胜率",
    "random_score_part3": "%，逃跑率",
    "random_score_part4_combo": "%，",
    "random_score_part5_combo": "连胜中！",
    "random_score_part4": "%",
    "random_score_blank": "的今日战绩：正在统计中",
    "random_score_not_enough": "的今日战绩：正在统计中",
    "lp_low_opponent": "你的生命已经如风中残烛了！",
    "lp_low_self": "背水一战！",
    "kicked_by_player": "被请出了房间",
    "kicked_by_system": "被系统请出了房间",
    "kick_count_down": "秒后房主若不开始游戏将被请出房间",
    "kick_count_down_arena_part1": "秒后",
    "kick_count_down_arena_part2": "若不准备或开始游戏将视为投降",
    "chat_order_main": "Mycard YGOPro Server 指令帮助",
    "chat_order_help": "/help 显示这个帮助信息",
    "chat_order_roomname": "/roomname 显示当前房间的名字",
    "chat_order_windbot": "/ai 添加一个AI，/ai 角色名 可指定添加的角色",
    "chat_order_tip": "/tip 显示一条提示",
    "chat_order_chatcolor_1": "/color 查看自己的聊天文字颜色，/color 颜色名 设定自己的聊天文字颜色",
    "chat_order_chatcolor_2": "/color default 恢复默认聊天字体颜色，/color help 查看所有可用的颜色",
    "room_name": "您当前的房间名是",
    "banned_chat_tip": "您已被禁言！",
    "banned_duel_tip": "您的发言存在严重不适当的内容，禁止您使用随机对战功能！",
    "chat_warn_level0": "请不要发送过长的消息或垃圾信息！",
    "chat_warn_level2": "您的发言存在不适当的内容，发送失败！",
    "chat_warn_level1": "请使用文明用语！",
    "chat_banned": "已被禁言！",
    "deck_correct_part1": "成功使用卡组",
    "deck_correct_part2": "参加比赛。",
    "deck_incorrect_part1": "您的卡组与报名卡组",
    "deck_incorrect_part2": "不符。注意卡组不能有包括卡片顺序在内的任何修改。",
    "deck_not_found": "，没有找到您的报名信息，请确定您使用昵称与报名ID一致。",
    "cloud_replay_delay_part1": "本场比赛云录像：",
    "cloud_replay_delay_part2": "。将于本局结束后可播放。",
    "afk_warn_part1": "已经很久没有操作了，若继续挂机，将于",
    "afk_warn_part2": "秒后被请出房间",
    "surrender_confirm": "确实要投降吗？再次输入 /投降 以确认。",
    "surrender_canceled": "已取消投降，加油！",
    "surrender_denied": "为保证双方玩家的游戏体验，随机对战中3回合后才能投降。",
    "unwelcome_warn_part1": "如果您经常",
    "unwelcome_warn_part2": "，您的对手可能会离你而去。",
    "unwelcome_tip_part1": "因为您的对手有",
    "unwelcome_tip_part2": "行为，现在您可以直接离开游戏或投降，不视为强退。",
    "cannot_to_observer": "匹配模式中决斗者不允许观战。",
    "death_cancel": "已取消本房间的加时赛状态。",
    "death_start": "加时赛开始，从本回合开始计算4回合，基本分高的玩家获得本次决斗的胜利。",
    "death_start_phase": "加时赛开始，在阶段结束时，基本分高的玩家获得本次决斗的胜利。",
    "death_start_siding": "加时赛开始，下次决斗的第4回合结束时，基本分高的玩家决斗胜利。",
    "death_start_quick": "加时赛开始，下次决斗将进入猝死赛，基本分发生变动的回合结束时将决出胜负。",
    "death_start_final": "本次决斗将进入猝死赛，基本分发生变动的回合结束时，基本分高的玩家将获得本次决斗的胜利。",
    "death_start_extra": "本次决斗为额外决斗，第4回合结束时，基本分高的玩家获得本次决斗的胜利。",
    "death_remain_part1": "本次决斗将在",
    "death_remain_part2": "回合后结束，基本分高的玩家将获得本次决斗的胜利。",
    "death_remain_final": "若本回合基本分发生变动，在该回合结束时决斗即告结束，基本分高的玩家获得本场决斗的胜利。",
    "death_finish_part1": "加时赛决斗结束，恭喜 ",
    "death_finish_part2": " 获得本次决斗的胜利。",
    "death2_finish_part1": "加时赛结束，恭喜 ",
    "death2_finish_part2": " 获得本次比赛的胜利。",
    "side_timeout_part1": "你现在有",
    "side_timeout_part2": "分钟来更换副卡组。",
    "side_overtime": "你因为更换副卡组超时，本次比赛已被判负。",
    "side_overtime_room": " 因为更换副卡组超时，本次比赛已被判负。",
    "side_remain_part1": "更换副卡组时间还剩",
    "side_remain_part2": "分钟。",
    "get_chat_color_part1": "你正在使用的聊天字体颜色是 ",
    "get_chat_color_part2": " 。",
    "get_chat_color_default": "你没有设置过聊天文字颜色，输入 /color 颜色名 来设置聊天文字颜色。",
    "set_chat_color_part1": "已设置聊天文字颜色为 ",
    "set_chat_color_part2": " 。",
    "set_chat_color_default": "已恢复默认聊天文字颜色。",
    "color_not_found_part1": "颜色 ",
    "color_not_found_part2": " 不存在，输入 /color help 查看所有可用的颜色。",
    "show_color_list": "可用的聊天字体颜色有：",
    "retry_not_counted": "你的操作不符合规则。",
    "retry_part1": "你的操作第",
    "retry_part2": "次不符合规则。若违规操作",
    "retry_part3": "次，将被请出房间。",
    "retry_too_much_part1": "你由于在决斗中违规操作",
    "retry_too_much_part2": "次，已被请出房间。",
    "retry_too_much_room_part1": " 由于在决斗中违规操作",
    "retry_too_much_room_part2": "次，已被请出房间。",
    "pre_reconnecting_to_room": "你有未完成的对局，即将重新连接，请选择你在本局决斗中使用的卡组并准备。",
    "deck_incorrect_reconnect": "请选择你在本局决斗中使用的卡组。",
    "reconnect_failed": "重新连接失败。",
    "reconnecting_to_room": "正在重新连接到服务器……",
    "reconnect_kicked": "你的账号已经在其他设备登录，你被迫下线。",
    "challonge_user_not_found": "未找到你的参赛信息。",
    "challonge_match_load_failed": "读取比赛信息失败。",
    "challonge_match_not_found": "你没有当前轮次的比赛。",
    "challonge_match_already_finished": "你在当前轮次的比赛已经结束，如需重赛，请联系裁判。",
    "challonge_match_created": "已建立比赛专用房间，将会自动匹配你的对手。",
    "challonge_player_already_in": "请不要重复加入比赛房间。",
    "replay_hint_part1": "正在发送第",
    "replay_hint_part2": "局决斗的录像。",
    "arena_wait_hint": "若对手在25秒内不进入游戏，您退房时不会进行扣分。",
    "arena_wait_timeout": "由于对手未能在30秒内进入游戏，此时您退出游戏不会扣分。",
    "auto_death_part1": "本房间为自动加时赛房间。比赛开始",
    "auto_death_part2": "分钟后，将自动进入加时赛。",
    "athletic_arena_tip": "在竞技匹配中，比赛开始前退出游戏也会视为投降。",
    "windbot_disable_random_room": "因为添加了AI，本随机对战房间将只能通过房间名加入："
  },
 "ko-kr": {
    "random_duel_enter_room_waiting": "땅콩: 게임을 진행하게 준비 또는 시작을 하십시오.",
    "random_duel_enter_room_new": "게임이 생성되었습니다, 상대를 기다리고 있습니다.",
    "random_duel_enter_room_match": "매치 모드입니다, 티어 덱을 추천드립니다.",
    "random_banned_part1": "당신은 이 게임으로 인하여 서버에서 밴을 당하셨습니다",
    "random_banned_part2": ", 까지 입장이 불가능합니다",
    "random_banned_part3": ".",
    "random_deprecated_part1": "당신 때문에 ",
    "random_deprecated_part2": ", 최근의 게임에서 처벌을 받은 다른 유저들보다 더 큰 처벌을 받을 것 입니다 ",
    "random_deprecated_part3": ".",
    "random_warn_part1": "비매너 행동이 기록 되었습니다.",
    "random_warn_part2": " 3번 이상 기록될 경우 처벌을 받을 것 입니다.",
    "random_ban_reason_separator": "/",
    "random_ban_reason_flee": "-사유:추노-",
    "random_ban_reason_AFK": "-사유:게임중 잠수-",
    "random_ban_reason_abuse": "-사유:언어 폭력-",
    "random_ban_reason_zombie": "-사유:방 생성후 잠수-",
    "windbot_deck_not_found": "죄송합니다. AI 또는 덱을 찾을 수 없습니다.",
    "windbot_name_too_long": "오류가 발생했습니다. 새 게임을 만들고 / ai를 입력하여 AI를 불러오십시오.",
    "create_room_failed": "게임을 만들지 못했습니다. 나중에 다시 시도하십시오.",
    "add_windbot_failed": "AI 추가에 실패하면 /ai를 다시 입력하십시오.",
    "quit_watch": "관전자 관전중",
    "left_game": "유저가 게임을 떠났습니다.",
    "disconnect_from_game": "게임과 연결이 끊겼습니다.",
    "reconnect_to_game": "게임이 다시 연결되었습니다.",
    "server_closed": "연결이 종료되었습니다.",
    "server_error": "Server error:",
    "cloud_replay_no": "리플레이를 찾을 수 없습니다.",
    "cloud_replay_error": "리플레이를 여는데 실패했습니다.",
    "cloud_replay_playing": "리플레이 클라우드 저장소에 접속중",
    "cloud_replay_hint": "최근 저장된 리플레이 코드입니다. 리플레이를 감상 하려면 비밀번호 칸에 리플레이 코드를 입력하십시오.",
    "blank_room_name": "빈 방 이름은 사용할 수 없습니다. 방 이름을 입력하십시오.",
    "loading_user_info": "유저 정보 로딩중...",
    "invalid_password_length": "비밀번호가 유효하지 않습니다 (길이가 잘못되었습니다).",
    "invalid_password_payload": "비밀번호가 유효하지 않습니다 (잘못된 페이로드 길이).",
    "invalid_password_unauthorized": "비밀번호가 유효하지 않습니다 (인증되지 않음).",
    "invalid_password_existed": "비밀번호가 유효하지 않습니다 (이미 사용중).",
    "invalid_password_not_found": "비밀번호가 유효하지 않습니다 (찾을 수 없음)",
    "invalid_password_action": "비밀번호가 유효하지 않습니다 (잘못된 행동)",
    "invalid_password_checksum": "비밀번호가 잘못되었습니다 (체크섬 실패)",
    "bad_user_name": "올바른 닉네임을 입력하십시오.",
    "server_full": "서버가 꽉 찼습니다. 나중에 다시 시도하십시오.",
    "too_much_connection": "현재 실행중인 클라이언트가 너무 많습니다! ",
    "banned_ip_login": "서버에서 밴을 당하셨습니다.",
    "banned_user_login": "서버에서 밴을 당하셨습니다.",
    "bad_name_level3": "아이디에 금지어가 포함 되어 있습니다.",
    "bad_name_level2": "아이디에 금지어가 포함 되어 있습니다.",
    "bad_name_level1": "아이디에 금지어가 포함 되어 있습니다.",
    "invalid_password_room": "비밀번호가 잘못되었습니다.",
    "outdated_client": "현재 오래된 클라이언트를 사용하고 있습니다. 낮은 버전의 클라이언트는 알 수없는 오류가 발생할 수 있습니다. 업데이트하십시오.",
    "watch_join": "관전자 입장",
    "watch_watching": "관전중.",
    "watch_denied": "듀얼이 시작되었습니다, 관전은 허용되지 않았습니다.",
    "watch_denied_room": "이 방은 관전이 혀용되지 않습니다.",
    "rank_arena": ", 순위:",
    "rank_blank": ", 순위가 없습니다.",
    "exp_value_part1": ", 가지고 있습니다. ",
    "exp_value_part2": " exp",
    "exp_value_part3": ", 점수:",
    "exp_value_part4": ". 이 점수는 MyCard가 안정적으로 출시 된 후에 재설정 될 수 있습니다.",
    "lp_low_opponent": "이것도 너프해보시지!",
    "lp_low_self": "*LP가 낮습니다*",
    "kicked_by_player": "사용자가 게임에서 퇴장당했습니다.",
    "kicked_by_system": "사용자가 서버에 의해 게임에서 퇴장당했습니다.",
    "kick_count_down": "초 후에 게임이 시작하지 않을 경우, 방장을 강퇴합니다.",
    "kick_count_down_arena_part1": "몇초후에",
    "kick_count_down_arena_part2": " 게임을 시작하지 않으면 강퇴를 당할 것 입니다.",
    "chat_order_main": "MyCARD YGOpro 서버 기능 목록",
    "chat_order_help": "/help 명령어 목록 보기",
    "chat_order_roomname": "/roomname 방 이름 보기",
    "chat_order_windbot": "/ai AI추가하기, /ai 이름 이름에 적힌 AI 추가하기 ",
    "chat_order_tip": "/tip TIP보기",
    "chat_order_chatcolor_1": "/color 현재 채팅 색상확인, /color 색이름 채팅 색상설정",
    "chat_order_chatcolor_2": "/color default 채팅색상을 기본색상으로 변경, /color help 사용가능한 색상 리스트 확인",
    "room_name": "방 이름:",
    "banned_chat_tip": "채팅이 금지되어 있습니다.",
    "banned_duel_tip": "랜덤듀얼 시스템 이용을 우측의 시간동안 금지당했습니다.",
    "chat_warn_level0": "WARNING: 부적절한 메시지 전송을 중단하십시오.",
    "chat_warn_level2": "WARNING: 좋은 말로 할 때 그만하십시오!",
    "chat_warn_level1": "WARNING: 교양인 다운 용어를 사용하십시오.",
    "chat_banned": " 채팅이 금지되었습니다.",
    "deck_correct_part1": "당신의 덱",
    "deck_correct_part2": "이 토너먼트에 대한 덱 체크를 통과했습니다.",
    "deck_incorrect_part1": "사용하고있는 덱이 제출 한 덱과 같지 않습니다.",
    "deck_incorrect_part2": ". 모든 카드가 올바른 순서로되어 있는지 확인하십시오.",
    "deck_not_found": ", 우리는 당신의 토너먼트 선수 등록을 받지 못했습니다. 토너먼트에 올바른 ID를 사용하고 있는지 확인하십시오.",
    "cloud_replay_delay_part1": "최근 듀얼의 리플레이 코드입니다.",
    "cloud_replay_delay_part2": " 이 경기후에 접근할 수 있습니다.",
    "afk_warn_part1": "너무 잠수를 많이 하셨습니다, 연결이 끊어집니다. ",
    "afk_warn_part2": " 초",
    "surrender_confirm": "진짜로 항복하시겠습니까? 확인을 위해 /surrender를 다시 입력하십시오.",
    "surrender_canceled": "항복 취소됨.",
    "surrender_denied": "항복은 2턴 이후부터 가능합니다.",
    "unwelcome_warn_part1": "당신이 지속적으로 해당 행동을 한다면",
    "unwelcome_warn_part2": ", 상대방이 당신을 떠날 수 있습니다.",
    "unwelcome_tip_part1": "당신은 비매너 유저를 상대했습니다.",
    "unwelcome_tip_part2": " 게임을 떠나도 처벌을 받지 않을 것 입니다.",
    "cannot_to_observer": "매치업중에는 관전이 허용되지 않습니다..",
    "death_cancel": "이 경기에서 오버 매치가 취소되었습니다.",
    "death_start": "오버 타임 매치가 시작되었고, 높은 LP를 가진 플레이어는 4 턴 후에 싱글 게임에서 승리합니다.",
    "death_start_phase": "시간이 지남에 따라 매치가 시작되었고, 매 단계마다 LP가 높은 플레이어가 싱글 게임에서 승리합니다.",
    "death_start_siding": "엑스트라 타임 매치가 시작되고, 더 높은 LP를 가진 플레이어는 4 턴 후에 싱글 게임에서 승리합니다.",
    "death_start_quick": "추가 시간 매치가 시작됩니다. 다음 라운드에 서든 데스 매치에 들어갑니다. Duel은 LP의 첫 번째 변경이 발생할 때까지 계속됩니다.",
    "death_start_final": "당신은 서든 데스 경기를 진행했습니다, 듀얼은 LP의 첫 번째 변화가 일어날 때까지 계속됩니다.",
    "death_start_extra": "듀얼은 엑스트라 듀얼로 계산되어 4 회전으로 끝나고 LP가 높은 플레이어가 승리합니다.",
    "death_remain_part1": "듀얼은 ",
    "death_remain_part2": " 턴끝에 더 높은 LP를 가진 플레이어가 승리합니다.",
    "death_remain_final": "결투는 LP의 첫 번째 변경 (및 증가 또는 감소)이 끝날 때까지 계속되며, 턴이 끝날 때 LP 총합이 가장 높은 플레이어가 승자가됩니다.",
    "death_finish_part1": "엑스트라 타임 경기가 끝났습니다. 축하드립니다. ",
    "death_finish_part2": " 당신이 듀얼에서 승리했습니다.",
    "death2_finish_part1": "엑스트라 타임 매치 경기가 끝났습니다. 축하드립니다. ",
    "death2_finish_part2": " 당신이 듀얼에서 승리했습니다.",
    "side_timeout_part1": "사이드 변경 제한시간은 다음으로 제한됩니다.",
    "side_timeout_part2": " 분.",
    "side_overtime": "당신은 사이드 시간을 전부 사용했기 때문에 패배합니다.",
    "side_overtime_room": "당신은 사이드 시간을 전부 사용했기 때문에 패배합니다.",
    "side_remain_part1": "오직 ",
    "side_remain_part2": " 분 남았습니다.",
    "get_chat_color_part1": "당신의 채팅색상: ",
    "get_chat_color_part2": " .",
    "get_chat_color_default": "채팅 색상이 설정되지 않았습니다. /color 색상명을 입력하여 설정하십시오.",
    "set_chat_color_part1": "현재 색상 ",
    "set_chat_color_part2": " ,",
    "set_chat_color_default": "채팅 색상이 기본값으로 복원됩니다.",
    "color_not_found_part1": "색상 ",
    "color_not_found_part2": " 사용이 불가능한 색상 입니다.",
    "show_color_list": "사용가능한 색상: ",
    "retry_not_counted": "당신은 불법적인 조작을 시도했습니다.",
    "retry_part1": "당신은 불법적인 조작을 시도했습니다n ",
    "retry_part2": "해당 시간동안 불법적인 조작을 하면 방에서 강퇴를 당할 것 입니다.",
    "retry_part3": " 시간.",
    "retry_too_much_part1": "불법적인 조작을 수행 한 이유로 방에서 쫓겨났습니다.",
    "retry_too_much_part2": " 시간.",
    "retry_too_much_room_part1": "불법적인 조작을 수행 한 방에서 쫓겨났습니다.",
    "retry_too_much_room_part2": " 시간.",
    "pre_reconnecting_to_room": "이전 게임에 다시 연결됩니다. 이전 덱을 선택하십시오.",
    "deck_incorrect_reconnect": "이전 덱을 선택하십시오.",
    "reconnect_failed": "다시 연결하지 못했습니다.",
    "reconnecting_to_room": "서버에 다시 연결중...",
    "challonge_user_not_found": "당신은 토너먼트에 참여하지 않았습니다.",
    "challonge_match_load_failed": "토너먼트 정보를 불러오지 못했습니다.",
    "challonge_match_not_found": "현재 일치하는 항목을 찾을 수 없습니다.",
    "challonge_match_already_finished": "현재 매치는 이미 종료되었습니다. 저지콜을 하셔서 문의하십시오.",
    "challonge_match_created": "일치하는 방만 생성됩니다. 상대방이 자동으로 참여합니다.",
    "challonge_player_already_in": "이미있는 방에 입장하지 마십시오.",
    "athletic_arena_tip": "경기 중 게임 종료 행동은 항복으로 간주됩니다."
  },
 "ja-jp": {
    "random_duel_enter_room_waiting": "相手の準備は完了済み、さあ、始めよう！",
    "random_duel_enter_room_new": "ゲームが作成されました、相手が現れるまで待機してて。",
    "random_duel_enter_room_match": "マッチモード、誰にも負けない強いデッキを推奨するよ。",
    "random_banned_part1": "貴方は次の理由でゲームから追放されました ",
    "random_banned_part2": "、これは次の期間まで続くよ ",
    "random_banned_part3": ".",
    "random_deprecated_part1": "貴方の ",
    "random_deprecated_part2": "の為に、貴方が ",
    "random_deprecated_part3": "にいた時に、最近のゲームで処罰された他のプレイヤー以上に、同じ罰を受けなければなりません。",
    "random_warn_part1": "システムは最近のゲームで貴方が",
    "random_warn_part2": " を使用しているのを特定しました。 ３回目の犯行後に処罰されます。",
    "random_ban_reason_separator": "/",
    "random_ban_reason_flee": "途中切断",
    "random_ban_reason_AFK": "AFK",
    "random_ban_reason_abuse": "侮辱",
    "random_ban_reason_zombie": "嘘つき",
    "windbot_deck_not_found": "おっと、AI かデッキが見つからないよ",
    "windbot_name_too_long": "エラー発生、新しいゲームを作成して「/ai」と入力して AI を召喚してね。",
    "create_room_failed": "ゲーム作成失敗、後でもう一度試してみてね。",
    "add_windbot_failed": "AI の参加失敗、もう一度「/ai」と入力だ。",
    "quit_watch": "観戦を終了したよ",
    "left_game": "ゲームが終了したよ",
    "disconnect_from_game": "ゲームとの接続が終了したよ",
    "reconnect_to_game": "ゲームに再接続したよ",
    "server_closed": "サーバーとの接続終了。",
    "server_error": "サーバー　エラー：",
    "cloud_replay_no": "リプレイが見つからないよ。",
    "cloud_replay_error": "リプレイ再生失敗。",
    "cloud_replay_playing": "クラウド上のリプレイにアクセス中",
    "cloud_replay_hint": "これは最近のリプレイコードで保存されてるよ、だから、「R#リプレイコード」をパスワード欄に入力してアクセスだ。",
    "blank_room_name": "無名の部屋名は駄目だよ、何でもいいから埋めて頂戴。",
    "loading_user_info": "ユーザー情報読み取り中・・・",
    "invalid_password_length": "不正なパスワード (不正な長さ)",
    "invalid_password_payload": "不正なパスワード (不正なペイロード長)",
    "invalid_password_unauthorized": "不正なパスワード (権限問題)",
    "invalid_password_existed": "不正なパスワード (既に存在済み)",
    "invalid_password_not_found": "不正なパスワード (見つかりません)",
    "invalid_password_action": "不正なパスワード (不正な行動)",
    "invalid_password_checksum": "パスワード間違い (チェックサム失敗)",
    "bad_user_name": "正しい ID を入力してね",
    "server_full": "サーバーが満杯、後でもう一度試してみてね。",
    "too_much_connection": "現在、滅茶苦茶沢山のクライアントが実行中！",
    "banned_ip_login": "貴方の IP は追放されています。",
    "banned_user_login": "貴方のユーザーは追放されています。",
    "bad_name_level3": "貴方の ID には不正な言葉が含まれています。",
    "bad_name_level2": "貴方の ID には不正な言葉が含まれています。",
    "bad_name_level1": "貴方の ID には不適切な言葉が含まれています。",
    "invalid_password_room": "パスワード間違い",
    "outdated_client": "貴方は古いクライアントを現在使用しているよ、不明なエラーが発生するかもしれなから更新して。",
    "watch_join": "観戦者として参加したよ。",
    "watch_watching": "観戦中。",
    "watch_denied": "決闘はもう既に始まっているよ、観戦は出来ないよ",
    "watch_denied_room": "この部屋での観戦は出来ないよ",
    "rank_arena": "、貴方のランクは ",
    "rank_blank": "、貴方はランク外だよ。",
    "exp_value_part1": "、貴方は ",
    "exp_value_part2": " exp 持っているよ",
    "exp_value_part3": "、貴方のスコアは ",
    "exp_value_part4": "。　このポイントは MyCard がリリースされた後にリセットされるかも。",
    "lp_low_opponent": "もはやお前のライフは風前の灯！",
    "lp_low_self": "*LP 少ない警告*",
    "kicked_by_player": "はゲームから追放されました。",
    "kicked_by_system": "はサーバーから追放されました。",
    "kick_count_down": " ゲームが開始されないため、数秒後にホストを追放します。",
    "kick_count_down_arena_part1": "数秒後、プレイヤー ",
    "kick_count_down_arena_part2": " は準備、又は、ゲームを始めないため追放されます。",
    "chat_order_main": "Mycard YGOPro サーバーの機能リスト",
    "chat_order_help": "「/help」でこのリストを表示",
    "chat_order_roomname": "「/roomname」でルーム名を表示",
    "chat_order_windbot": "「/ai」で AI 追加、「/ai AIの名前」で特定の AI 追加",
    "chat_order_tip": "「/tip」でヒントを表示",
    "chat_order_chatcolor_1": "「/color」で現在のチャットカラーを表示、「/color 色の名前」でチャットカラーを設定",
    "chat_order_chatcolor_2": "「/color default」でデフォルトのチャットカラーに戻すよ、「/color help」で使用可能な色をリスト表示",
    "room_name": "ルーム名は",
    "banned_chat_tip": "貴方のチャットは禁止されています。",
    "banned_duel_tip": "不適切なメッセージを送信したため、貴方のランダムデュエルは禁止されています。",
    "chat_warn_level0": "警告：不適切な表示の送信を止めて下さい。",
    "chat_warn_level2": "警告：貴方の会話は不適切だ！",
    "chat_warn_level1": "警告：正しい表示を使用して下さい。",
    "chat_banned": "のチャットは禁止されています。",
    "deck_correct_part1": "貴方のデッキ",
    "deck_correct_part2": "はこのトーナメントのデッキチェックで合格しています。",
    "deck_incorrect_part1": "貴方の使用しているデッキは提出されたデッキと一致しません。",
    "deck_incorrect_part2": "。全てのカードの順番が正しいかどうか確認してください。",
    "deck_not_found": "、私達は貴方の登録を受理していません。　トーナメントの ID が正しいかどうか確認して下さい。",
    "cloud_replay_delay_part1": "最後の決闘のリプレイコードは ",
    "cloud_replay_delay_part2": "。これはこのマッチの後でアクセス可能です。",
    "afk_warn_part1": "長い間、応答がありません、 ",
    "afk_warn_part2": " 秒後に接続が終了します",
    "surrender_confirm": "本当に？　「/surrender」と確認の為にもう一度入力してね。",
    "surrender_canceled": "サレンダーはキャンセルされたよ。",
    "surrender_denied": "最初の２ターン目まではサレンダーしないで下さい。",
    "unwelcome_warn_part1": "若し、貴方が ",
    "unwelcome_warn_part2": "をし続けるなら、相手はゲームを止めちゃうかも。",
    "unwelcome_tip_part1": "相手は ",
    "unwelcome_tip_part2": "をしました、だから、貴方は処罰を受けずにゲームを止められるよ。",
    "cannot_to_observer": "観戦者は対戦出来ないよ。",
    "death_cancel": "この試合から延長戦がキャンセルされました。",
    "death_start": "延長戦が開始されました、４ターン後に LP がより高いプレイヤーがこのシングル戦の勝者となります。",
    "death_start_phase": "延長戦が開始されました、それぞれのエンドフェイズ時に LP がより高いプレイヤーがこのシングル戦の勝者となります。",
    "death_start_siding": "延長戦が始まります、４ターン後に LP がより高いプレイヤーがこのシングル戦の勝者となります。",
    "death_start_quick": "延長戦が始まります、貴方は次のラウンドでサドンデス戦に移行します。LP が初めて変化するまで決闘は続行されます。",
    "death_start_final": "サドンデス戦に移行しています。LP が初めて変化するまで決闘は続行されます。",
    "death_start_extra": "その決闘は４ターンで終了し、LP がより高いプレイヤーが勝者となる、延長決闘としてカウントされます。",
    "death_remain_part1": "その決闘は ",
    "death_remain_part2": " ターンで終了します。　最後のターン終了時に LP がより高いプレイヤーが勝者となります。",
    "death_remain_final": "LP が初めて変化するまで決闘は続行されます (増加、又は、減少で)、また、 最後のターン終了時に、LP が最も高いプレイヤーが勝者となります。",
    "death_finish_part1": "延長決闘は終了しました、おめでとうございます。 ",
    "death_finish_part2": "、貴方が決闘に勝利しました。",
    "death2_finish_part1": "延長マッチ戦は終了しました、おめでとうございます。 ",
    "death2_finish_part2": "、貴方がマッチ戦に勝利しました。",
    "side_timeout_part1": "サイドデッキ変更の制限時間は ",
    "side_timeout_part2": " 分。",
    "side_overtime": "時間切れの為、決闘に敗北しました。",
    "side_overtime_room": " は時間切れの為、決闘に敗北しました。",
    "side_remain_part1": "サイドデッキの変更は残り",
    "side_remain_part2": " 分だよ。",
    "get_chat_color_part1": "貴方のチャットカラーは ",
    "get_chat_color_part2": " 。",
    "get_chat_color_default": "貴方のチャットカラーは設定されていません、「/color 色の名前」で設定してね。",
    "set_chat_color_part1": "現在のチャットカラーは ",
    "set_chat_color_part2": " 、",
    "set_chat_color_default": "チャットカラーをデフォルトに戻します。",
    "color_not_found_part1": "カラー ",
    "color_not_found_part2": " 色は使用出来ないよ、「/color help」と入力して利用可能なチャットカラーを表示だ。",
    "show_color_list": "利用可能なチャットカラー：",
    "retry_not_counted": "貴方は一度、不正行為を行っています。",
    "retry_part1": "貴方は不正行為を ",
    "retry_part2": " 回行っています。 ",
    "retry_part3": " 回目の不正行為で貴方を部屋からキックします。",
    "retry_too_much_part1": "貴方は不正行為を ",
    "retry_too_much_part2": " 回行った為、部屋からキックされています。",
    "retry_too_much_room_part1": " は不正行為を ",
    "retry_too_much_room_part2": " 回行った為、部屋からキックされました。",
    "pre_reconnecting_to_room": "これから先程のゲームに再接続します。　前回のデッキを選択して下さい。",
    "deck_incorrect_reconnect": "前回のデッキを選択して下さい。",
    "reconnect_failed": "再接続が失敗しました。",
    "reconnecting_to_room": "サーバーに再接続中・・・",
    "challonge_user_not_found": "貴方はトーナメントの参加者じゃないよ。",
    "challonge_match_load_failed": "トーナメント情報の取得に失敗しました。",
    "challonge_match_not_found": "貴方の現在のマッチは見つかりませんでした。",
    "challonge_match_already_finished": "貴方の現在のマッチはもう既に終了しているよ。　補助のために審判を呼んで下さい。",
    "challonge_match_created": "マッチ対戦専用のルームが作成されます。　貴方の相手は自動で参加するよ。",
    "challonge_player_already_in": "もう既に入っている部屋には参加しないて下さい。",
    "athletic_arena_tip": "アスレチック戦では、ゲーム終了行為はサレンダーと見なされます。"
  }
}
