{
    "CTOS":{
        "RESPONSE": "",
        "HAND_RESULT": "CTOS_HandResult",
        "TP_RESULT": "CTOS_TPResult",
        "PLAYER_INFO": "CTOS_PlayerInfo",
        "JOIN_GAME":"CTOS_JoinGame",
        "HS_KICK":"CTOS_Kick",
        "UPDATE_DECK": "deck",
        "CHANGE_SIDE":"",
        "CHAT": "chat"
    },
    "STOC":{
        "JOIN_GAME":"STOC_JoinGame",
        "HS_WATCH_CHANGE":"STOC_HS_WatchChange",
        "TYPE_CHANGE":"STOC_TypeChange",
        "HS_PLAYER_CHANGE":"STOC_HS_PlayerChange",
        "HS_PLAYER_ENTER":"STOC_HS_PlayerEnter",
        "ERROR_MSG": "STOC_ErrorMsg",
        "GAME_MSG": "GameMsg_Hint_Card_only",
        "SELECT_HAND": "",
        "SELECT_TP": "",
        "HAND_RESULT": "STOC_HandResult",
        "REPLAY": "",
        "TIME_LIMIT": "STOC_TimeLimit",
        "CHAT": "STOC_Chat"
    }
}
