{
    "HostInfo": [
        {"name": "lflist", "type": "unsigned int"},
        {"name": "rule", "type": "unsigned char"},
        {"name": "mode", "type": "unsigned char"},
        {"name": "duel_rule", "type": "unsigned char"},
        {"name": "no_check_deck", "type": "bool"},
        {"name": "no_shuffle_deck", "type": "bool"},
        {"name": "start_lp", "type": "unsigned int"},
        {"name": "start_hand", "type": "unsigned char"},
        {"name": "draw_count", "type": "unsigned char"},
        {"name": "time_limit", "type": "unsigned short"}
    ],
    "HostPacket": [
        {"name": "identifier", "type": "unsigned short"},
        {"name": "version", "type": "unsigned short"},
        {"name": "port", "type": "unsigned short"},
        {"name": "ipaddr", "type": "unsigned int"},
        {"name": "name", "type": "unsigned short", "length": 20, "encoding": "UTF-16LE"},
        {"name": "host", "type": "HostInfo"}
    ],
    "HostRequest": [
        {"name": "identifier", "type": "unsigned short"}
    ],
    "CTOS_HandResult": [
        {"name": "res", "type": "unsigned char"}
    ],
    "CTOS_TPResult": [
        {"name": "res", "type": "unsigned char"}
    ],
    "CTOS_PlayerInfo": [
        {"name": "name", "type": "unsigned short", "length": 20, "encoding": "UTF-16LE"}
    ],
    "CTOS_CreateGame": [
        {"name": "info", "type": "HostInfo"},
        {"name": "name", "type": "unsigned short", "length": 20, "encoding": "UTF-16LE"},
        {"name": "pass", "type": "unsigned short", "length": 20, "encoding": "UTF-16LE"}
    ],
    "CTOS_JoinGame": [
        {"name": "version", "type": "unsigned short"},
        {"name": "align", "type": "unsigned short"},
        {"name": "gameid", "type": "unsigned int"},
        {"name": "pass", "type": "unsigned short", "length": 20, "encoding": "UTF-16LE"}
    ],
    "CTOS_Kick": [
        {"name": "pos", "type": "unsigned char"}
    ],
    "STOC_ErrorMsg": [
        {"name": "msg", "type": "unsigned char"},
        {"name": "align1", "type": "unsigned char"},
        {"name": "align2", "type": "unsigned char"},
        {"name": "align3", "type": "unsigned char"},
        {"name": "code", "type": "unsigned int"}
    ],
    "STOC_HandResult": [
        {"name": "res1", "type": "unsigned char"},
        {"name": "res2", "type": "unsigned char"}
    ],
    "STOC_CreateGame": [
        {"name": "gameid", "type": "unsigned int"}
    ],
    "STOC_JoinGame": [
        {"name": "info", "type": "HostInfo"}
    ],
    "STOC_TypeChange": [
        {"name": "type", "type": "unsigned char"}
    ],
    "STOC_ExitGame": [
        {"name": "pos", "type": "unsigned char"}
    ],
    "STOC_TimeLimit": [
        {"name": "player", "type": "unsigned char"},
        {"name": "left_time", "type": "unsigned short"}
    ],
    "STOC_Chat": [
        {"name": "player", "type": "unsigned short"},
        {"name": "msg", "type": "unsigned short", "length": 255, "encoding": "UTF-16LE"}
    ],
    "STOC_HS_PlayerEnter": [
        {"name": "name", "type": "unsigned short", "length": 20, "encoding": "UTF-16LE"},
        {"name": "pos", "type": "unsigned char"}
    ],
    "STOC_HS_PlayerChange": [
        {"name": "status", "type": "unsigned char"}
    ],
    "STOC_HS_WatchChange": [
        {"name": "watch_count", "type": "unsigned short"}
    ],
    "GameMsg_Hint_Card_only": [
        {"name": "curmsg", "type": "word8Ule"},
        {"name": "type", "type": "word8"},
        {"name": "player", "type": "word8"},
        {"name": "data", "type": "word32Ule"}
    ],
    "deck": [
        {"name": "mainc", "type": "unsigned int"},
        {"name": "sidec", "type": "unsigned int"},
        {"name": "deckbuf", "type": "unsigned int", "length": 90}
    ],
    "chat": [
        {"name": "msg", "type": "unsigned short", "length":"255", "encoding": "UTF-16LE"}
    ]
}