{
  "file": "./config/dialogues.json",
  "dialogues": {
    "440556": [
      "咆哮吧，未知的轰鸣！从深渊中现出你的身姿！\n超量召唤！龙神鲨！"
    ],
    "464362": [
      "恶魔的利爪，野兽的獠牙，炼狱的双眼，在神秘的漩涡中融为一体，展现出新的力量和姿态吧！\n融合召唤！现身吧，将一切撕裂的密林魔兽！\n魔玩具·剪刀虎！"
    ],
    "494922": [
      "粗暴的野蛮之神，与千本刀的咆哮一同出现在烟雾弥漫的战场上！\n同调召唤，出阵吧，等级10！\n超重荒神 须佐之男-O！"
    ],
    "987311": [
      "撕裂黑暗的咆哮啊，取得疾风之速，成为新生之王落地的啼哭吧！\n同调召唤，诞生吧，等级7！\nDDD 疾风王 亚历山大！"
    ],
    "1516510": [
      "驾驭神秘之力者！\n化为耀眼之光芒！\n现在，寄宿于龙之眼吧！\n融合召唤，出现吧，驭使古老秘术的魔天之龙，\n秘术眼灵摆龙！"
    ],
    "1621413": [
      "从炼狱的谷底，献给不息之魂的反叛之歌，响彻永久，展显于此吧！\n升阶超量变身，出来吧！阶级5！\n暗镇魂超量龙！"
    ],
    "1686814": [
      "从混沌的次元涌出的力之源，是原点以及所有的顶点！\n就暂且滋润现世中那些无限的渴望吧！\n负同调！神降吧，奥特玛雅·卓尔金！"
    ],
    "1992816": [
      "我所背负的命运啊，现在吞下银河，化为巨大的大地降临吧！\nNo.9 天盖星 戴森球！",
      "讽刺的命运啊，下达命令吧！将感情化为铁锤，挥向愚者！出现吧！No.9 天盖星 戴森球！",
      "再次出现在我的天空中吧！然后，让胜利的光芒照耀！\nNo.9 天盖星 戴森球！"
    ],
    "2061963": [
      "让那些鼠辈们，全部拜服于你那神圣耀眼的光芒下吧！\n降临吧，No.104 假面魔蹈士 闪光！"
    ],
    "2203790": [
      "翻卷那赤红的披风，用剑舞斩杀敌人吧！\n同调召唤，现身吧！\n等级6，XX-剑士 迅雷！"
    ],
    "2322421": [
      "聚集的希望引向新的地平线，成为光芒闪耀的道路吧！\n同调召唤，穿越吧，王道战士！"
    ],
    "2403771": [
      "为了保护世界的和平，结合勇气与力量！\n同调召唤，爱和正义的使者，动力工具龙！"
    ],
    "2407234": [
      "解放吧，愤怒！\n出现吧！No.69 纹章神 盾徽！"
    ],
    "2978414": [
      "雷电啊、轰鸣啊！闪电啊，闪耀吧！\n显现吧，吾之金龙！\nNo.46 神影龙 胶子龙！"
    ],
    "3117804": [
      "坚定不移如山岳，不动之姿降临于此！\n等级8！超重武者 大弁庆-K！"
    ],
    "3395226": [
      "响彻云霄的绝美音律，唤醒那沉睡的天才！\n出来吧，等级8！\n幻奏的音姬 天才之莫扎特！"
    ],
    "3429238": [
      "聚集的力量将化为贯穿大地长枪，成为光芒闪耀的道路吧！\n同调召唤！粉碎吧，钻头战士！"
    ],
    "3758046": [
      "为了统治这个世界的一切，于今降临在世界的顶点吧！\n超量召唤，诞生吧，阶级4！\nDDD 怒涛王 凯撒！"
    ],
    "3775068": [
      "编织的光芒，漆黑的黑暗！\n将世界变为其应有的姿态，打开崭新的未来的大门！方界超帝 死雷之印陀罗！"
    ],
    "3779662": [
      "彷徨的古代剑斗士的亡灵啊，以皇帝之名汇集，奉献力量吧！\n融合召唤，来吧！\n剑斗兽 盲斗！"
    ],
    "3790062": [
      "出现吧！被诅咒的裁判执行者！\nNo.65 裁断魔人！"
    ],
    "3966653": [
      "迅猛如野猪，雄壮如雄鹿，美丽如彩蝶！\n同调召唤，等级6！\n花札卫-猪鹿蝶-！"
    ],
    "4179255": [
      "来自太古之森，压制场地的精灵哟，请化作梦幻之姿，降临与此地！\n同调召唤！妖精龙 古代妖！"
    ],
    "4290468": [
      "隐藏在神圣森林中的华丽的荆棘猎人啊，\n拿上惩戒的鞭子，在此刻现身吧！\n同调召唤，出现吧，华丽蔷薇！"
    ],
    "4591250": [
      "密林的女王啊，吸收勇猛剑士的力量，构筑统治一切的帝国吧！\n融合召唤！现身吧，等级8！\n亚马逊女帝！"
    ],
    "5614808": [
      "深渊中沉眠的巨大鲸鱼啊，在重复生死轮回的大海原中甦醒吧！\n同调召唤！现身吧，白斗气白鲸！"
    ],
    "6165656": [
      "咆哮吧，汹涌的灵魂！唤醒足以毁灭一切的愤怒！\n混沌No.88 机关傀儡-灾厄狮子！"
    ],
    "6247535": [
      "响彻天际的雄猛轰鸣化作两重雷鸣交汇之时，通向净土之门洞开，尽显其力！\n超量召唤！现身吧，阶级4，装弹枪管增填龙！"
    ],
    "6387204": [
      "在此降临，打破有限的时空吧！就在现在，把你的存在铭刻于天地！\n混沌No.6 先史遗产 混沌大西洲巨人！"
    ],
    "6602300": [
      "融合召唤！\n燃起烈火，展翅飞翔吧！重爆击禽 炸弹不死魔鸟！"
    ],
    "7841112": [
      "聚集的星之光辉将照亮新的奇迹，成为光芒闪耀的道路吧！\n同调召唤，来临吧，救世星龙！"
    ],
    "8198620": [
      "用死者的两个灵魂，呼唤冥界之主！\n冲破冥界之门，出现吧！\n融合召唤！冥界龙 龙亡！"
    ],
    "8310162": [
      "诞生在次元尽头的黑暗，为超越时空的舞台拉开帷幕！\n罪同调！罪 矛盾龙！"
    ],
    "8463720": [
      "望穿混沌之世末日的王啊，吸食流向未来的血，成为屠龙的勇者吧！\n融合召唤，诞生吧，等级8！\nDDD 克龙王 贝奥武夫！"
    ],
    "8763963": [
      "肆虐大地的亿万蛆虫啊！前赴后继奉献此身，埋葬天空吧！\n整个世界，都在我的手中！\n同调召唤！君临吧！魔王超龙 天蝇王！"
    ],
    "8967776": [
      "在由十种光变成的时械神的前方，\n有着只有被选中的圣人才被允许操纵的，被隐藏的“知识”！\n无将变为无限，从无限之光中诞生的究极的时械神，究极时械神 赛菲隆！"
    ],
    "9012916": [
      "黑色的疾风，让隐藏的感情呈现在你的翅膀上吧，\n同调召唤！飞舞吧，黑羽龙！"
    ],
    "9753964": [
      "从深渊黑暗中被解放的魔王啊，爆散其愤怒吧！\n同调召唤！琰魔龙 红莲魔·渊！"
    ],
    "10000001": [
      "其到来之时，灼热之疾风必吹荒大地，生者必成尸骸！\n当光与暗交汇之时，开始召唤方尖塔的仪式！\n降临吧，欧贝里斯克之巨神兵！"
    ],
    "10000011": [
      "精灵歌唱，亘古之力司万物！其命，其魂，以至其骸！\n当天与地交汇之时，开始召唤太阳神的仪式！\n降临吧，太阳神之翼神龙！"
    ],
    "10000021": [
      "天空雷鸣混沌之时，集连锁中之远古魔导书，其力可至无限！\n当善与恶交汇之时，开始召唤地狱判官的仪式！\n降临吧，奥西里斯之天空龙！"
    ],
    "10383554": [
      "恶魔依凭的铁之齿啊，和露出獠牙的野兽合而为一，展现出新的力量和姿态吧！\n融合召唤！现身吧，撕裂一切的百兽之王!\n魔玩具·轮锯狮！"
    ],
    "10817524": [
      "自远古复苏吧！伟大之眸请注视这一切！\n自龙墓之中展开汝之翼，让那些敢于侵犯龙威之人感受那巨龙之怒！\n出来吧，始祖龙 古龙！"
    ],
    "10875327": [
      "跨越五千年的时光，\n冥府之门于此时打开，将吾等的灵魂作为新世界的食物吧！\n降临吧，地缚神 阿斯利亚·皮斯科！"
    ],
    "12219047": [
      "刺穿数万战士、埋葬于黑暗中的，被诅咒的叛逆之枪，降临吧！\n超量召唤，现身吧！\n阶级2，幻影骑士团 诅咒标枪！"
    ],
    "12632096": [
      "在黑暗中闪耀的银河啊，释放永恒不朽的光芒，成为照亮未来的路标吧！\n升阶超量变身，降临吧，阶级9，\n超银河眼光波龙！"
    ],
    "12652643": [
      "古老的巨人啊、飞翔于天的龙啊、闪耀深奥光辉的龙啊！如今合而为一，展现莫大的力量吧！\n融合召唤，出来吧，等级10！\n古代的机械究极巨人！"
    ],
    "12744567": [
      "无法满足的灵魂守护者啊，化身为暗黑骑士，粉碎光芒吧！\n混沌No.101 寂静荣誉暗黑骑士！"
    ],
    "13331639": [
      "统治四天之龙，君临于第五次元的究极龙啊，现在于此，同吾合为一体吧！\n融合召唤！现身吧，霸王龙 扎克！"
    ],
    "13331640": [
      "统治四天之龙，君临于第五次元的究极龙啊，现在于此，同吾合为一体吧！\n统合召唤！现身吧，霸王龙 扎克！"
    ],
    "13995824": [
      "飞天的雷电，\n切开云海，让你的蹄子贯穿地面吧！\n同调召唤，轰鸣吧，流电双角兽！"
    ],
    "14577226": [
      "隆冬的狂风、白雪和寒冰啊，成为我的力量，席卷一切吧！\n同调召唤，现身吧，等级7！\n风魔女-冬铃！"
    ],
    "15092394": [
      "还未见到的勇猛之隼啊，秘藏在那勇猛之翼中的未知力量，现在，在这里展现于世吧！\n交错超量召唤，出现吧，阶级5！\n急袭猛禽-异邦猎鹰！"
    ],
    "15187079": [
      "包围住卫星区的黑云，\n溶解人们的灵魂，将人们的灵魂作为祭品！\n现在在此降临吧！我的神，地缚神 乌鲁！",
      "潜藏在我命运之光中的死者们的灵魂，\n为了在这变化的世界中引导黑暗的真实，给予我力量吧！\n出现吧，地缚神 乌鲁！"
    ],
    "15939229": [
      "当那双生的太阳升起之时，新世界的地平线将被开启！\n超量召唤，现身吧，阶级8！\nDDD 双晓王 末法神！"
    ],
    "16051717": [
      "翻动漆黑的羽翼，伴随雷鸣奔跑吧！电光斩击！\n同调召唤，降下吧，强袭黑羽-骤雨之雷切刀鸟！"
    ],
    "16172067": [
      "王者与恶魔，现于此交汇，触碰红龙之魂，发出创造天地的咆哮吧！\n同调召唤，出现吧，等级10！\n红莲魔龙·暴君！"
    ],
    "16195942": [
      "自漆黑黑暗中反抗愚钝力量的叛逆之牙！\n现在，就此降临！\n超量召唤，出现吧！阶级4！\n暗叛逆超量龙！"
    ],
    "16195943": [
      "自漆黑黑暗中反抗愚钝力量的叛逆之牙！\n现在，就此降临！\n超量召唤，出现吧！阶级4！\n暗叛逆超量龙！"
    ],
    "16527176": [
      "野性的血流交融时，\n劈开大地的力量将要觉醒，咆哮吧！\n同调召唤，大自然的力量，自然狮面草！"
    ],
    "17016362": [
      "Show must go on！\n天空的奇术师啊，在舞台上华丽地飞荡吧！\n超量召唤！出来吧，阶级4！\n娱乐法师 秋千魔术家！"
    ],
    "17377751": [
      "振翅吧，黑翼的剑士！\n同调召唤！黑羽-煌星之怒剑鸟！"
    ],
    "17775525": [
      "不动之鬼神啊，紧握觉悟之拳，化作钢铁之鬼，如今驰骋战场！\n同调召唤，即刻出阵，现身吧，等级12！\n超重蒸鬼 铁道王-O！"
    ],
    "17994645": [
      "扬起漆黑之翼，以那深藏的刀刃斩断疾风！\n同调召唤，飞来吧，强袭黑羽-雨隐之小夜刀鸟！"
    ],
    "18013090": [
      "聚集的思念在此成为新生的力量，成为光芒闪耀的道路吧！\n同调召唤，燃烧吧，氮素战士！"
    ],
    "18963306": [
      "在黑暗中闪耀的银河啊，寄宿复仇的鬼神，成为吾之下仆吧！\n超量召唤，降临吧，阶级8，\n银河眼光波龙！"
    ],
    "19221310": [
      "出现吧！穿透绝望的黑暗，炫目的救赎之光，异色眼剑甲龙！"
    ],
    "19355597": [
      "拥有昼夜之颜的魔石啊，呼唤幸运的绿色光辉啊，无比锐利的漆黑之色啊，将你们的光芒绕成旋涡，与崭新的光辉合为一体！\n融合召唤！光辉闪耀的淑女！\n宝石骑士女郎·亮钻！"
    ],
    "20563387": [
      "出现吧！镇魂旋律将修复十全之神的世界，拥抱我吧！\n混沌No.80 葬装霸王 镇魂狂曲王！"
    ],
    "20785975": [
      "出现吧！连时间都能冻结的无限之力，现在在此复苏！\n混沌No.103 神葬零娘 暮永！"
    ],
    "21065189": [
      "驱散万物的力量之壁啊，此刻化作龙牙显现吧！\n超量召唤！现身吧，阶级4，防火超越龙！"
    ],
    "21123811": [
      "聚集的群星连接羁绊，与祈祷一同奔向未来，成为光芒闪耀的道路吧！\n三角加速同调，宇宙耀变龙！"
    ],
    "21187631": [
      "传说中的邪恶精灵啊，超越悠久的时刻，在此现身吧！\n同调召唤！现身吧，等级6，幻变骚灵·拖拽山妪！"
    ],
    "21435914": [
      "从流经冥界的悲叹之河，把亡者的激流逆卷浮上吧！\n同调召唤！冥界浊龙 龙叹！"
    ],
    "21516908": [
      "双翼怀抱的闪耀身躯，用那对翅膀跃上天空吧！\n同调召唤，出现吧，等级5！\n高速疾行机人 马赫羽子板！"
    ],
    "21521304": [
      "超越希望，怀抱梦想之时，在遥远的彼方将出现新的未来！\n超越极限，将其握于手中！\nNo.39 希望皇 彼端超霍普！"
    ],
    "21686473": [
      "潜藏于时空暗处的范式，必然之力将会唤醒因果律的恶魔！\n特殊召唤！DDD 命运王 零·拉普拉斯！"
    ],
    "21770839": [
      "停滞在命运缝隙之中的摆子，将在崭新的次元铭刻全新的时间！\n现身吧，异色眼幻灵龙！"
    ],
    "21858819": [
      "现身吧，混沌的暗之使者！\n超量召唤，No.XX 无限之达克霍普！"
    ],
    "22070401": [
      "与之危险带来危险，过于深交带来混沌！\n现身吧，融合而成的究极龙！凶饿蛊死灭龙！"
    ],
    "22804410": [
      "超越悠久时空，那始源中蕴含的白色之力啊！\n展开响彻灵魂的湿润翅膀，从蓝色的深渊中出现吧！渊眼白龙！"
    ],
    "22858242": [
      "诞生于黑暗者，成为将万物引向负之世界的霸者吧！\n黑暗同调召唤，出现吧，猿魔王 塞曼！"
    ],
    "22900219": [
      "觉醒吧，暴龙王，成为能吞噬一切的暴君吧！\n现身吧，恐龙摔跤手·嵌合摔跤暴龙！"
    ],
    "23187256": [
      "在万千世界中纷飞的，吾之灵魂之祈愿啊！\n于此刻汇聚在这双手上，将那身姿展现于世吧！\n现身吧！No.的真王啊！No.93 希望皇 霍普·真皇！"
    ],
    "23338098": [
      "淋湿漆黑的羽翼，于细雨中震响吧！雷鸣一击！\n同调召唤，冲破雨幕吧，强袭黑羽-泪雨之千鸟刀鸟！"
    ],
    "23603403": [
      "勇猛果敢的隼啊，卷起愤怒的火花，成为燃尽大地的闪光吧！\n超量召唤，飞行吧，阶级8！\n急袭猛禽-卫星炮猎鹰！"
    ],
    "24550676": [
      "在月光的原野上舞动的敏捷野兽啊，潜藏于黑暗之中的野兽啊，身怀紫色之毒的蝶啊，\n在月之引力下形成漩涡，身披崭新的力量重生吧！\n融合召唤，现身吧，立于月光原野之顶点起舞的百兽之王，月光舞狮子姬！"
    ],
    "24672164": [
      "至高的天才，高尚的共鸣，天使的翅膀啊！随指挥棒的引导，将力量合为一体！\n融合召唤！此刻于舞台上热情歌唱吧，幻奏的华歌圣 花之普莉玛！"
    ],
    "24696097": [
      "聚集的梦之结晶将开启全新的进化之门，成为光芒闪耀的道路吧！\n加速同调，诞生吧，流星龙！"
    ],
    "24731391": [
      "契约已缔结，二者的灵魂将为操纵暗之力的贤者所继承！\n仪式召唤！降临吧，电子界魔术师！"
    ],
    "24943456": [
      "同调飞行控制，打开限制器，LV5！\n注入助推器，120%！恢复网络，修正范围，全部通过！Go！\n同调召唤，Come on！科技属 强力角斗士！"
    ],
    "25165047": [
      "为了保护世界的未来，勇气与力量唤起革命！\n同调召唤，进化吧，生命激流龙！"
    ],
    "25472513": [
      "天上的操纵者，操纵冥府的亡者！\n同调召唤，天轮之双星道士！"
    ],
    "25793414": [
      "穿过隆冬的雪原的风之音啊，与内里的声音融为一体，传递更为激扬的声响！\n融合召唤，现身吧！\n庄严地响彻的水晶之钟，风魔女-水晶钟！"
    ],
    "25862681": [
      "神圣的守护之光现在彼此成为永恒的生命！\n同调召唤，诞生吧，古代妖精龙！"
    ],
    "26268488": [
      "点缀古老天空的繁星啊，化为净雨把世界净化吧！\n同调召唤，等级12，圣珖神龙 星尘·零！"
    ],
    "27548199": [
      "英勇之龙啊，将那凶猛的獠牙化为枪弹射击出去吧！\n同调召唤！现身吧，等级8，装弹枪管狞猛龙！"
    ],
    "27873305": [
      "打破诸神之黄昏，以波涛汹涌之势，开辟崭新的世界！\n融合召唤，出现吧，极限的独裁神！\nDDD 怒涛坏薙王 恺撒末日神！"
    ],
    "30270176": [
      "黑暗、黑暗、黑暗！吞噬光明，昏暗世间！\n现身吧！暗黑方界神 深红之挪婆！"
    ],
    "30604579": [
      "星界之门开启之时，\n身披紫袍的雷神挥舞巨锤，与震撼大地的雷鸣一同降临吧！\n同调召唤，降临吧，极神皇 托尔！"
    ],
    "30757396": [
      "从心中的黑暗诞生之物，现在以灵魂作为代价降临吧！\n同调召唤！越动吧！血魔 墨非斯特！"
    ],
    "30864377": [
      "被束缚的猿人啊，与相同命运的猛虎一同邀请鞭打的主人吧！\n融合召唤，现身吧！\n剑斗兽总监 主斗！"
    ],
    "31801517": [
      "在宇宙徘徊的光与暗，在其狭缝中沉睡，悲哀的龙们啊！集中其力量，打开真实之门吧！\n出现吧！No.62 银河眼光子龙皇！"
    ],
    "31833038": [
      "贯穿封闭世界的吾之新风，连接召唤！\n出现吧，连接4，装弹枪管龙！"
    ],
    "31919988": [
      "当黑暗与黑暗重叠之时，\n冥府之门将会打开，去那无光的世界吧！\n黑暗同调召唤，出现吧，漆黑之朱姆沃尔特！"
    ],
    "32559361": [
      "覆盖天空之星啊，森罗万象皆包于其内！现在，在此降临吧！\n混沌No.9 天盖妖星 混沌戴森球！"
    ],
    "32615065": [
      "融于天幕者啊，悠久的霸者啊，二力合一，称霸天下！\n融合召唤！来吧，等级12，霸道星 修罗！"
    ],
    "32995007": [
      "燃烧天际的天狼星，独狼的苍蓝之眸，把被大地束缚的无齿之犬们咬碎吧！\n同调召唤！天狼王 苍狼星！"
    ],
    "33236860": [
      "风暴狂吹吧，\n获得钢铁的意志和光的快速，进化姿态吧！\n同调召唤，黑羽-孤高之银风鸦！"
    ],
    "33537328": [
      "将精灵的灵魂作为祭品，\n降临吧，地缚神 库西略！"
    ],
    "33698022": [
      "在清廉的花园中绽放的孤高蔷薇哟，沐浴苍月的甘露，在此盛开花朵吧！\n同调召唤！月华龙 黑蔷薇！"
    ],
    "33776843": [
      "人类、智慧的结晶啊，呼唤出切断命运之弦的使者吧！\n混沌No.15 机关傀儡-连环杀手！"
    ],
    "34408491": [
      "束缚魔神的蝇之王，让这个令人反胃的世界陷入阴霾吧！\n同调召唤！魔王龙 蝇王！"
    ],
    "35952884": [
      "聚集的群星化为一体时，\n新的羁绊将照亮未来，成为光芒闪耀的道路吧！\n超越极限加速同调，进化之光，流天类星龙！"
    ],
    "36076683": [
      "落入混沌的神圣水滴，展示你的力量，净化混沌吧！\nNo.73 激泷神 渊涛！"
    ],
    "36407615": [
      "崭新的王者的脉动，在混沌之中出现吧！\n同调召唤！高傲的魔王、恶魔混沌王！"
    ],
    "36857073": [
      "泰山鸣动，撕裂高山，与地炎同曝现其身姿！\n同调召唤！琰魔龙 红莲魔·葬！"
    ],
    "36953371": [
      "放声高呼吧，神圣的鬼啊！\n出现吧，在这邪恶横行的战场上！\n同调召唤，即刻出阵，等级6！\n超重神鬼 酒吞童子-G！"
    ],
    "37261776": [
      "现身吧，狂暴之魂寄于一体，凶恶众兽的武器集于一身，以此为傲的魔兽！\n融合召唤！转生炎兽 堇色奇美拉！"
    ],
    "37279508": [
      "当长眠的大地与海的力量相互交织之时，崭新的生命之光将会喷薄而出！\n超量召唤！觉醒吧，No.37 希望织龙 蜘蛛鲨！"
    ],
    "37910722": [
      "天啊！命运啊！乘载于循环的天轮在此结实！\n同调召唤！与光共同降临吧，天穹霸龙 龙腾！"
    ],
    "37993923": [
      "聚集的钢之祈愿将疾风的意志化为不摧的盾牌，成为光芒闪耀的道路吧！\n同调召唤！出现吧，废品守卫者！"
    ],
    "38495396": [
      "于炫目之光中倾泻而出吧！\n超量召唤，出来吧！\n阶级6，星圣神龙 托勒密星团M7！"
    ],
    "39030163": [
      "银河之光所引导之处，新世界的门扉即将开启！\n现身吧，全新的光之化身！\n银河眼 重铠光子龙！"
    ],
    "39272762": [
      "逆转的银河啊，现在化作怒涛之光，展现你的身姿吧！\n降临吧！吾之魂！超银河眼光子龙！"
    ],
    "39389320": [
      "从密林的深处，扫倒巨树出现吧，君临未开化王国的蛮族之王！\n野蛮人国王！"
    ],
    "39512984": [
      "拥有昼夜之颜的魔石啊，呼唤幸运的绿色光辉啊，与青色的秘石合而为一，孕育出那崭新的光辉吧！\n融合召唤！现身吧，照耀万物的无上光芒！\n等级9，宝石骑士王·辉钻！"
    ],
    "39765958": [
      "撕裂漆黑之暗，烧尽天地！孤高的绝对王者啊，睥睨万物，振奋猛威！\n同调召唤！琰魔龙 红莲魔！"
    ],
    "39823987": [
      "太阳升起之时，\n照亮一切黑暗，投射的阳光啊！\n同调召唤，出现吧，太阳龙 因蒂！"
    ],
    "39972129": [
      "出现吧！将混沌和混乱的世界斩裂的智者啊，让世界变化吧！\nNo.64 古狸 三太夫！"
    ],
    "40529384": [
      "王者的呐喊发出回响，\n胜利的铁锤，打破大地吧！\n同调召唤，振翅高飞吧，爆翼龙！"
    ],
    "40636712": [
      "魔物的利爪啊，与恶魔的使徒合为一体，展现全新的力量及姿态吧！\n融合召唤！出现吧，夺取自由，引入黑暗的海之恶魔！\n魔玩具·钩乌贼！"
    ],
    "41181774": [
      "招来究极的破坏吧，最强的地缚神！\n出现吧，地缚神 维拉科查·拉斯卡！"
    ],
    "41209827": [
      "以魅惑之香气诱捕昆虫的两株艳花啊，现在融为一体，从花瓣内部的地狱中诞生出新的威胁吧！\n融合召唤，出现吧，拥有饥渴獠牙的剧毒之龙，等级8！\n凶饿毒融合龙！"
    ],
    "41209828": [
      "以魅惑之香气诱捕昆虫的两株艳花啊，现在融为一体，从花瓣内部的地狱中诞生出新的威胁吧！\n融合召唤，出现吧，拥有饥渴獠牙的剧毒之龙，等级8！\n凶饿毒融合龙！"
    ],
    "41463181": [
      "汹涌的火焰啊，用净化之力唤醒炽热多头狮真正的力量吧！\n转生连接召唤！浴火重生吧，奔驰于火焰平原的百兽之王，转生炎兽 炽热多头狮！"
    ],
    "42110604": [
      "同调召唤！\n满溢跃动感的剑剧之魂，现身吧！\n等级5，高速疾行机人 比剑骑手！"
    ],
    "42160203": [
      "在漆黑的黑暗中栖息的，叛逆之牙啊，屈服于吾、顺从于吾吧！\n超量召唤！阶级4，霸王眷龙 暗叛逆！"
    ],
    "42291297": [
      "泪雨啊，化做光芒降下吧！\n同调召唤，出现吧，等级8！\n花札卫-雨四光-！"
    ],
    "42717221": [
      "现在集结于雄伟之翼下的强者们，成为新的传说吧！\n融合召唤！出现吧，电子界时钟龙！"
    ],
    "42810973": [
      "聚集的呐喊将成为回音之箭划破天空，成为光芒闪耀的道路吧！\n同调召唤，出现吧，废品弓手！"
    ],
    "43047672": [
      "吾之灵魂的隼啊，用毫无动摇的信念和充满慈爱的内心，成为最后的牢固堡垒，降临于世吧！\n升阶超量变身，出现吧，阶级12！\n急袭猛禽-最终要塞猎鹰！"
    ],
    "43385557": [
      "在心中深渊燃起我的憎恶之火，\n化作黑色怒涛蹂躏这世界吧！\n同调召唤，出现吧，魔力人造机人！"
    ],
    "44035031": [
      "从万象的地平线参上吧！\n同调召唤！重力的斗士，重力战士！"
    ],
    "44508094": [
      "聚集的祈愿将成为新生的闪耀之星，化作光芒闪耀的道路吧！\n同调召唤，飞翔吧，星尘龙！",
      "看看那被伟大之风引导的翅膀吧！\n同调召唤，星尘龙！"
    ],
    "44852429": [
      "举起那被鲜血染红的宝剑，跨越英雄们的尸体吧！\n同调召唤，诞生吧，等级8！\nDDD 咒血王 赛弗里德！"
    ],
    "44968687": [
      "跟流传已久的传说一起重生吧！\n传说的渔人三世！"
    ],
    "45014450": [
      "双色眼瞳的龙啊，与剧毒之龙合为一体，成为导向霸道的力量吧！\n融合召唤！现身吧，等级10！\n慈爱之玉眼熠熠生辉的龙，霸王紫龙 异色眼猛毒龙！"
    ],
    "45037489": [
      "在高速中降临的肉体，\n革命之时到来了，胜利就在我手中！\n同调召唤，闪耀吧，鲜花骑士！"
    ],
    "45298492": [
      "同调召唤！来吧！遍体鳞伤的战士！\n伤痕战士！"
    ],
    "45533023": [
      "凶猛的隼啊，百战不挠翻卷双翼，击破那逼近之敌吧！\n升阶超量变身，出现吧，阶级5！\n急袭猛禽-烈焰猎鹰！"
    ],
    "45627618": [
      "双色眼瞳的龙啊，震颤你的黑色逆鳞，歼灭刀刃相向的敌人吧！\n超量召唤！现身吧，阶级7！\n愤怒之眼熠熠生辉的龙，霸王黑龙 异色眼叛逆龙！"
    ],
    "46195773": [
      "聚集的羁绊将编织出更强的力量，成为光芒闪耀的道路吧！\n同调召唤，出现吧，涡轮战士！"
    ],
    "46263076": [
      "将人们的灵魂作为祭品，\n降临吧，地缚神 卡帕克·阿普！"
    ],
    "46986414": [
      "出来吧，我最强的仆人，黑魔导！"
    ],
    "46986415": [
      "出来吧，我最强的仆人，黑魔导！"
    ],
    "46986416": [
      "出来吧，我最强的仆人，黑魔导！"
    ],
    "46986417": [
      "出来吧，我最强的仆人，黑魔导！"
    ],
    "46986418": [
      "出来吧，我最强的仆人，黑魔导！"
    ],
    "46986419": [
      "出来吧，我最强的仆人，黑魔导！"
    ],
    "46986420": [
      "出来吧，我最强的仆人，黑魔导！"
    ],
    "47198668": [
      "摇撼吾之灵魂的宏伟力量啊！\n请栖宿于吾身，变成粉碎黑暗的崭新之光吧！\n灵摆召唤，统御一切王者的超越神！\nDDD 死伟王 地狱终末神！"
    ],
    "47611119": [
      "隐藏着神秘力量的碧石啊，现在化作光芒现身吧！\n融合召唤，等级5！宝石骑士女郎·琉璃！"
    ],
    "48156348": [
      "活在古代的猛禽斗士啊，与剑斗士之魂互相交融，化作身经百战的勇士吧！\n融合召唤，来吧！\n剑斗兽 凯撒！"
    ],
    "48608796": [
      "生有美丽双翼的鸟儿们啊，集结于战场高雅地闪耀吧！\n超量召唤！翩然降临吧，阶级1！\n抒情歌鸲-聚集夜莺！"
    ],
    "48739166": [
      "方舟上那些得不到满足的灵魂啊，在光芒都无法达到的深渊中浮现吧！\nNo.101 寂静荣誉方舟骑士！"
    ],
    "49121795": [
      "难以攻陷的的铁壁之城啊，震响大地，行驶在敌兵蠢动的铁路上吧！\n超量召唤，现身吧，阶级4！\n重装甲列车 铁狼！"
    ],
    "49195710": [
      "出现吧！缠绕着众多怨念的裁判之魔王！\n混沌No.65 裁断魔王！"
    ],
    "49221191": [
      "降临吧，从暗黑深渊觉醒的最强之牙！\n混沌No.32 海咬龙 鲨龙兽·白煞！"
    ],
    "49389523": [
      "飞天的雷电，\n贯穿漆黑的大气，用你的雷击燃烧大地吧！\n同调召唤，照亮吧，闪电三角兽！"
    ],
    "49456901": [
      "诞生自混沌的异晶人之力包裹住光芒时，伟大的黑暗将会舞动！\n降临吧，混沌No.104 假面魔蹈士 阴影！"
    ],
    "49597193": [
      "身缠闪电雷霆的秘石啊，呼唤幸运的绿色光辉啊，将你们的光芒绕成旋涡，与崭新的光辉合为一体！\n融合召唤！\n现身吧，胜利的探寻者，宝石骑士·黄玉！"
    ],
    "49820233": [
      "双色瞳孔之龙啊，与诞生于泥土的巨人合而为一，以新的种族转生吧！\n融合召唤，现身吧，等级8！\n娱乐伙伴 机炮食尸鬼！"
    ],
    "50065971": [
      "其疾如风，其徐如林，潜行而至，一击夺命！\n同调召唤，出现吧，等级7！\n超重忍者 忍足-A·C！"
    ],
    "50091196": [
      "聚集的祈愿将引向全新速度的地平线，成为光芒闪耀的道路吧！\n同调召唤，希望的力量，同调调整者，方程式同调士！"
    ],
    "50954680": [
      "扇动你神圣闪光的羽翼，以那份闪耀打击敌人吧！\n同调召唤，等级8！\n水晶翼同调龙！"
    ],
    "51447164": [
      "解除限制器，LV10！\n主要低音助推器控制，ALL CLEAR！无限的力量，现在在此解放，冲向次元的彼岸吧！Go！\n同调召唤！Come on！科技属 刃枪手！"
    ],
    "51497409": [
      "坚不可摧的无敌之王啊，于今跨越悠久的时空降临吧！\n超量召唤，诞生吧，阶级3！\nDDD 磐石王 大流士！"
    ],
    "51543904": [
      "升阶超级超量变身，出现吧！\n粉碎了的我的灵魂记忆，现在就成为唯一的星，成为贯穿天命的闪电吧！\n这是——「No.」的终点和顶点！No.99 希望皇龙 霍普德拉古恩！"
    ],
    "51570882": [
      "持有饥饿之牙的毒龙啊，引诱至奈落的芳香之花啊，现在合而为一，随心所欲地吞噬一切吧！\n融合召唤，现身吧，等级10！\n强欲毒融合龙！"
    ],
    "51777272": [
      "徘徊于湛蓝黑暗之中的猫啊，具有紫色之毒的蝶啊，在月之引力下形成漩涡，身披崭新的力量重生吧！\n融合召唤，现身吧，在月色下翩翩起舞的美丽野兽，月光舞猫姬！"
    ],
    "51788412": [
      "继承古老灵魂的机械装置的猎犬们啊，将那十个头融合为一，化为混沌绝大的力量吧！\n融合召唤，出现吧，等级10！\n让世间一切回归无形混沌的究极破坏神，古代的机械混沌巨人！"
    ],
    "51960178": [
      "为久经战斗的勇士们献上天使的微笑！\n超量召唤，现身吧，阶级4！\n妖精啦啦队少女！"
    ],
    "52085072": [
      "出现吧！统治所有黑暗与混沌的绝望之化身！绝望神 安提霍普！"
    ],
    "52323874": [
      "地狱的猎手啊，施展令敌人恐惧的急速，毁灭那阻挡叛逆的障碍吧！\n超量召唤！现身吧，阶级3！\n急袭猛禽-恶魔雕！"
    ],
    "52352005": [
      "白银之铠，闪耀吧！\n粉碎对我刀刃相向之人的希望吧！\n同调召唤！出来吧，等级9！XX-剑士 加特姆士！"
    ],
    "53347303": [
      "从究极的怪兽中诞生的，毁灭一切的光之龙！现身吧，青眼光龙！"
    ],
    "53389254": [
      "漆黑的烈风啊，化为创造羁绊的顺风吧！\n同调召唤，展翅高飞吧，强袭黑羽-五月雨之骚速刀鸟！"
    ],
    "54366836": [
      "出现吧！热血斗志的雄叫，震慑长眠之魂！\nNo.54 反骨斗士 狮心！"
    ],
    "55727845": [
      "出现吧！来自漆黑的黑暗中的使者！\nNo.96 黑雾！"
    ],
    "55888045": [
      "掌管着混沌世界的力量，它的拳能将大地击碎，它的指尖能贯穿天空！\n现身吧，混沌No.106 熔岩掌 巨手·红掌！"
    ],
    "56051086": [
      "出现吧！妨碍死者长眠的冒渎的化身！\nNo.43 魂魄傀儡鬼 灵魂傀儡师！"
    ],
    "56832966": [
      "一闪的希望啊！\n现在就化身为电光石火，飞向黑暗的中央吧！\n超量召唤！现身吧，闪光No.39 希望皇 霍普·电光皇！"
    ],
    "56840427": [
      "化混沌为光明的使者，出来吧！\n混沌No.39 希望皇 霍普雷！"
    ],
    "56910167": [
      "在遥远的铁路彼端伴随着震地的轰鸣驶来！\n超量召唤！超重型炮塔列车 古斯塔夫最大炮！"
    ],
    "57314798": [
      "创造宇宙的钥匙，现在开启暗之门扉，伴随着那份咆哮，引导未来吧！\n降临吧，No.100 源数龙！"
    ],
    "57477163": [
      "融合召唤！\n出现吧，封锁一切的锁链野兽！\n魔玩具·链绵羊！"
    ],
    "57594700": [
      "让歌声响彻云霄，让旋律川流不息，随指挥棒的引导，将力量合为一体！\n融合召唤，现在登上舞台吧，幻奏的音姬 巨匠之舒伯特！"
    ],
    "58074177": [
      "双色眼瞳的龙啊，获得光辉的羽翼，飞舞至霸道的顶点吧！\n同调召唤！现身吧，等级8！\n烈破之慧眼熠熠生辉的龙，霸王白龙 异色眼辉翼龙！"
    ],
    "58481572": [
      "我们来做朋友吧！"
    ],
    "58672736": [
      "顽强不屈的太古王者啊，将敌人尽数击溃吧！\n同调召唤！现身吧，等级8，恐龙摔跤手·巨大萨瓦特棘龙！"
    ],
    "58820923": [
      "汹涌的银河之力……\n当肉体与灵魂均已耗尽之时，王者的灵魂将会诅咒世界！\n超量召唤！现身吧，No.95，银河眼暗物质龙！"
    ],
    "58901502": [
      "见识一下官老爷的力量吧！\n同调召唤，出现吧，等级3！\n御用防御者！"
    ],
    "59123194": [
      "绽放刚毅之光的勇者之剑，现在于此伴随闪光觉醒吧！\n同调召唤，等级8！\n觉醒之魔导剑士！"
    ],
    "59255742": [
      "不厌的追缉者之魂，高傲的掠夺者之魂，现在，合为一体而升华！\n融合召唤，出现吧，继承了庄严追缉者血统之人，御用皇帝！"
    ],
    "59771339": [
      "聚集的愤怒将给忘我的战士寄宿鬼神之魂，成为光芒闪耀的道路吧！\n同调召唤，吼叫吧，废品狂战士！"
    ],
    "60645181": [
      "以光为衣，现身吧！划破黑暗、耀眼的王者！\n英豪冠军 断钢剑王！"
    ],
    "60800381": [
      "聚集的群星将唤醒新生的力量，成为光芒闪耀的道路吧！\n同调召唤，出现吧，废品战士！"
    ],
    "60992105": [
      "身披漆黑之风，从末世飞翔而来吧！\n同调召唤！玄翼龙 黑羽！"
    ],
    "62070231": [
      "持有冰之心的灵界的巫女，将澄明的灵魂展现吧！\nNo.94 极冰姬 晶零！"
    ],
    "62242678": [
      "孤高的绝对破坏神啊！从神域降临，招来终焉！\n同调召唤！琰魔龙 红莲魔·厄！"
    ],
    "62541668": [
      "司掌化天的丝条啊！化为虚无飘渺，引导我走向那毁灭的灵魂！\n超量召唤，出来吧！No.77 七罪蛛！"
    ],
    "62560742": [
      "解除限制器，LV2！\n打开调节器，导航系统，ALL CLEAR！Go！\n同调召唤！Come on！科技属 互换蜻蜓！"
    ],
    "62709239": [
      "于战场上倒下的骑士之魂，在此苏生为斩裂黑暗之光！\n超量召唤，出来吧！阶级3！\n幻影骑士团 断碎剑！"
    ],
    "63364266": [
      "追击直至地狱的尽头，看吧，清廉的灵魂！\n同调召唤，出现吧，等级5！\n御用追缉者！"
    ],
    "63465535": [
      "当黑暗与黑暗重叠之时，\n冥府之门将会打开，去那无光的世界吧！\n黑暗同调召唤，出现吧，地底之阿剌克涅！"
    ],
    "63533837": [
      "紫电一闪，未知的力量化作飞龙乘云而上！\n同调召唤，降临吧！电子界量子龙！"
    ],
    "63612442": [
      "手持交叉之刃，跨越尸体之山！\n同调召唤，出现吧！\n等级7，X-剑士 索萨！"
    ],
    "63746411": [
      "在此现身，把这世界的一切都攥碎吧！No.106 巨岩掌 巨手！"
    ],
    "63767246": [
      "在我的记忆中沉眠的两个希望！现在贯穿那希望割开的深暗之大河，把那力量合而为一！\n超量召唤！现身吧，No.38 希望魁龙 银河巨神！"
    ],
    "64880894": [
      "召集星雨的圣翼啊！让灵魂乘风而飞，巡游世界！\n同调召唤！星尘充能战士！"
    ],
    "65305468": [
      "天马啊，现在在此获得自由，朝向纵横无尽的未来奔去！\n这是我的天地开辟、我的未来！一飞冲天啊，我！\n在此现身吧，未来No.0 未来皇 霍普！"
    ],
    "65676461": [
      "拥有最强最大力量的深海帝王，用你的牙齿将一切咬碎吧！\nNo.32 海咬龙 鲨龙兽！"
    ],
    "66547759": [
      "彷徨在生与死之间的灵魂啊！\n将暗黑的深渊中沉淀的怨恨，在这片土地上释放吧！\n超量召唤！出现吧，No.23 冥界的灵骑士 兰斯洛特！"
    ],
    "66818682": [
      "当月亮溢出黑暗之时，\n便将听闻暗魔的低语，诱向死亡！\n黑暗同调召唤，出现吧，月影龙 基利亚！"
    ],
    "66970002": [
      "统领混沌的鲜红霸王，\n自悠久之戒律中解放而出，化作熊熊烈火，驱散黑暗！\n降临吧，混沌No.39 希望皇 霍普雷V！"
    ],
    "67030233": [
      "被磨砺的孤高之光，\n成为真正的霸者照耀大地，绽放光辉！\n同调召唤，巨大的灵魂，救世魔龙！"
    ],
    "67098114": [
      "出生自星界的任性之神啊，\n向我们展示你那绝对的力量，嘲笑这个世界吧！\n同调召唤，降临吧，极神皇 洛基！"
    ],
    "67508932": [
      "聚集的祈愿将打开全新时空的大门！同调召唤！现身吧，时械神祖 武加大！"
    ],
    "67904682": [
      "从黑暗深处传来的恸哭，穿上死神的铠甲现身吧！\n黑暗同调召唤，出现吧，暗黑航空母舰！"
    ],
    "67926903": [
      "具现混沌的武神啊，招来曾经逝去的吾等之愿吧！\n聚集，七皇之力！混沌超量 冀望皇 异晶人！"
    ],
    "68084557": [
      "想触动钢铁之逆鳞的人们，自求多福吧！\n同调召唤！机械龙 动力工具！"
    ],
    "68396121": [
      "贯穿逆转的银河，在时间诞生之前苏醒吧，超越永远的龙之星！\n混沌No.107 超银河眼时空龙！"
    ],
    "68507541": [
      "张牙舞爪的密林野兽啊，获取瞄准猎物的战士之眼，成为崭新的猛兽现身吧！\n融合召唤！出现吧，等级7！\n亚马逊宠物虎狮子！"
    ],
    "69031175": [
      "黑色旋风，成为天空翱翔的翅膀吧！\n同调召唤，黑羽-铠翼鸦！"
    ],
    "69170557": [
      "人类睿智的结晶——恶魔啊，复活吧！\n混沌No.40 机关傀儡-魔界弦乐手！"
    ],
    "69757518": [
      "混沌世界的亡者们，现在将灵魂溶于一体，降临与这浑浊的世界吧！！\n混沌No.5 亡胧龙 混沌嵌合龙！"
    ],
    "69931927": [
      "积聚多年怨恨的沉睡在大地中的灵魂们，\n现在从被污染的大地中出来，借我力量吧！\n降临吧，地缚神 查库·查略亚！"
    ],
    "70771599": [
      "拥有光之翼的眷属啊，用那锐利的双翼讨伐敌人吧！\n同调召唤！现身吧，霸王眷龙 幻透翼！"
    ],
    "70780151": [
      "翻腾吧，我复仇的黑炎！\n同步召唤，来吧，精神界恶魔！"
    ],
    "70902743": [
      "王者的震撼，\n今就此展现强势！看好这撼天动地的力量吧！\n同调召唤，吾之魂，红莲魔龙！"
    ],
    "71525232": [
      "钢铁的暴龙，将封印的现世之门打破！将我的敌人歼灭吧！\n来吧！破灭龙 甘多拉X！"
    ],
    "71612253": [
      "受赐英雄名号之人，胸怀着深远的大义，射穿这世间万物吧！\n超量召唤，降临吧，阶级5！\n狙击王 退尔！"
    ],
    "72378329": [
      "敲响胸膛的森林贤者啊，与神秘之龙合为一体,诞生出新的力量吧！\n融合召唤！出现吧，闪烁野兽眼眸的狰狞之龙，\n野兽眼灵摆龙！"
    ],
    "72664875": [
      "化为邪恶的意志，聚集吧！\n为了将世界引向昏暗无光的绝望之中，现在就从漆黑的黑暗中降临吧！\n暗黑方界邪神 深红之挪婆·三神一体！"
    ],
    "72896720": [
      "死者与生者交汇于虚无时，\n魔龙将从永久的牢笼中释放，\n同调召唤，出现吧，永火死亡龙！"
    ],
    "73347079": [
      "冥府的猛禽啊，以黑暗的眼力揭露真相，以锐利的勾爪夺回荣誉！\n超量召唤！飞来吧，阶级4！\n急袭猛禽-武力林鸮！"
    ],
    "73580471": [
      "冰冷的火焰将吞噬世间的一切，\n漆黑的花朵，绽放吧！\n同调召唤，出来吧，黑蔷薇龙！"
    ],
    "73887236": [
      "雌伏的隼啊，高举于逆境中被磨利的爪，扬起反逆之翼吧！\n超量召唤！现身吧，阶级4！\n急袭猛禽-起翼猎鹰！"
    ],
    "73964868": [
      "繁星之光啊，现在震撼大地、降临于世吧！\n超量召唤，阶级5！\n星圣·昴星团！"
    ],
    "74069667": [
      "出现吧，在诸神黄昏下达判决的最高神！\nDDD 坏薙王 深渊末日神！"
    ],
    "74583607": [
      "自在变换形态的神秘漩涡，将异形之神包裹，合为一体孕育出新的王吧！\n融合召唤，诞生吧！\nDDD 烈火王 铁木真！",
      "在冥府卷起的光之漩涡中，合为一体孕育出新的王吧！\n融合召唤，诞生吧！\nDDD 烈火王 铁木真！"
    ],
    "74860293": [
      "聚集的斗志将唤醒怒吼的魔神，成为光芒闪耀的道路吧！\n同调召唤，粉碎吧，废品破坏王！"
    ],
    "74892653": [
      "聚集的力量寄于铁拳，化为粉碎钢铁的意志，成为光芒闪耀的道路吧！\n加速同调！出现吧，星尘战士！"
    ],
    "75326861": [
      "闪耀于天顶的死之星啊！降临到地上制裁生者吧！\n同调召唤，天刑王 黑天！"
    ],
    "76471944": [
      "潜藏在黑暗中的忍者啊，伴随着山间回响的呐喊，在荒芜的战场上出现吧！\n同调召唤，即刻出阵，等级8！\n超重忍者 猿飞-B！"
    ],
    "76547525": [
      "赤色之魂，在此结为一体，在王者的呼声中呐喊吧！\n同调召唤，现身吧！\n红莲翼龙！"
    ],
    "76794549": [
      "洞察时间、占读星辰、操纵时空，全知全能的魔术师啊，现今于此降临，赐予吾力量吧！\n现身吧！宙读之魔术士！"
    ],
    "76815942": [
      "在暗夜中响起的小夜鸣鸟的啼啭啊，与内在的声音融为一体，发出更激荡的鸣叫吧！\n融合召唤，翩然而至吧，高雅孤傲的夜鸣鸟！\n抒情歌鸲-独立夜莺！"
    ],
    "76913983": [
      "漆黑的力量，\n寄托伟大的翅膀，卷起神风吧！\n同调召唤，狂吹吧，黑羽-兵翼鸦！"
    ],
    "77205367": [
      "出现吧！伴随着混沌的漆黑之风降临吧！\n混沌No.96 黑飙！"
    ],
    "77506119": [
      "飞天的雷电，\n交融于猛烈的烈风，从幻想的世界现身吧！\n同调召唤，嘶鸣吧，雷电独角兽！"
    ],
    "78316184": [
      "隐藏着无穷力量的光之天使啊！现在，请于这大千世界现身，照耀万物吧！\n降临吧，等级10！\n电子化天使-美朱濡-！"
    ],
    "79798060": [
      "复活我生命的神啊，\n我将这灵魂献给你，从长久的束缚中解放吧！\n地缚神 卡拉伊瓦！"
    ],
    "80117527": [
      "出现吧，拥有幻惑之眼的支配者！\nNo.11 巨眼！"
    ],
    "80321197": [
      "王者的决断，现在成为寄宿有红红滚滚的火焰的深红利刃，\n超越炙热的波涛，出现吧！\n同调召唤！火焰的鬼神，深红剑士！"
    ],
    "80666118": [
      "王者的咆哮，现在震撼大地，将这独一无二的霸者之力铭刻于身吧！\n同调召唤，凶暴之魂！\n红莲魔龙·右红痕！"
    ],
    "80764541": [
      "悠久的大义啊，此时此刻从远古的沉眠中苏醒，变成翱翔天空的翅膀吧！\nNo.44 白天马！"
    ],
    "80773359": [
      "漆黑之翼，寄宿雷霆之力，鲜烈的轰鸣吧！\n同调召唤，飞来吧，强袭黑羽-神立之鬼丸刀鸟！"
    ],
    "80889750": [
      "融合召唤！\n出来吧，对万物獠牙相向的魔境猛兽！\n魔玩具·剑齿虎！"
    ],
    "80896940": [
      "从平稳的时间尽头，向普世释放光芒！\n同调召唤，现身吧，等级10！\n涅槃之超魔导剑士！"
    ],
    "81020646": [
      "从地狱与天堂的间隙——炼狱中现身吧！\n同调召唤！炼狱龙 食人魔龙鬼！"
    ],
    "81330115": [
      "出现吧！用你那不祥的力量，把所有的一切溶解殆尽！\nNo.30 破灭之酸液石人！"
    ],
    "81927732": [
      "高傲的隼啊，翻卷被英雄血潮染红的羽翼，冲向革命的道路吧！\n超量召唤！出现吧，阶级6！\n急袭猛禽-革命猎鹰！",
      "高傲的隼啊，翻卷被英雄血潮染红的羽翼，冲向革命的道路吧！\n升阶超量变身，出现吧，阶级6！\n急袭猛禽-革命猎鹰！"
    ],
    "82044279": [
      "翻动那美丽雄伟的双翼，以光速讨伐敌人吧！\n同调召唤！现身吧，等级7！\n幻透翼同调龙！"
    ],
    "82044280": [
      "翻动那美丽雄伟的双翼，以光速讨伐敌人吧！\n同调召唤！现身吧，等级7！\n幻透翼同调龙！"
    ],
    "82956492": [
      "高傲的骑士啊，封印灾祸并融于熔炉，转生成为真正的王吧！\n融合召唤，出现吧，神之威光，传承之王！\nDDD 神托王 达克！"
    ],
    "83347294": [
      "出现吧！击碎穷途绝境，可靠的全身之一击，异色眼枪兵龙！"
    ],
    "83866861": [
      "恶魔依凭的无情玩具啊，根绝那反抗的愚民们吧！\n融合召唤！出现吧，所有玩具的结合魔兽！\n魔玩具·狂乱奇美拉！"
    ],
    "83994433": [
      "切裂星海的一线闪光啊！震动灵魂，轰彻世界！\n同调召唤，闪珖龙 星尘！"
    ],
    "84305651": [
      "在官老爷的面前束手就擒吧！\n同调召唤，出现吧，等级8！\n御用王！"
    ],
    "84988419": [
      "天使的鸣啭，至高的天才，随指挥棒的引导，将力量合为一体！\n融合召唤，现在让舞台响起胜利的欢歌吧，幻奏的华歌圣 花之蒂娃！"
    ],
    "85121942": [
      "将吞噬黑暗的混沌，以光辉穿破吧！混沌超量变身！\n出现吧，混沌No.105 燃烧拳击手 彗星之指套拳王！",
      "这姿态，正是燃烧拳击手中的绝对王者！\n现身吧！混沌No.105 燃烧拳击手 彗星之指套拳王！"
    ],
    "85289965": [
      "贯穿封闭世界的吾之裂风，连接召唤！\n出现吧，连接4，刺刀枪管龙！"
    ],
    "85528209": [
      "不动如连绵山脉，栖宿于大石之魂，化做屹立壁垒吧！\n同调召唤，出现吧，等级9！\n超重魔兽 九尾-B！"
    ],
    "85545073": [
      "恶魔之爪、野兽之牙啊，于此合为一体，展现全新的力量与姿态吧！\n融合召唤！出现吧，剪碎一切的战栗之野兽！\n魔玩具·剪刀熊！"
    ],
    "86221741": [
      "究极致高的隼啊，继承无数朋友的遗志，高翔于胜利的天空之上吧！\n升阶超量变身，出现吧，阶级10！\n急袭猛禽-究极猎鹰！"
    ],
    "86238081": [
      "双色眼瞳的龙啊，从深邃黑暗中复苏，用愤怒的火焰烧尽地上万物吧！\n超量召唤！现身吧，阶级7！\n召来灾祸的烈火之龙，霸王烈龙 异色眼烈火龙！"
    ],
    "86532744": [
      "宇宙的秩序被扰乱之时，照亮混沌的一线希望将会降临！\n超量召唤！闪光No.39 希望皇 霍普一！"
    ],
    "86943389": [
      "拥有万千面孔的迷宫之影啊，以锐利之刃斩开浑沌黑暗吧！\n同调召唤，等级4！\n高速疾行机人 快刀乱破智游！"
    ],
    "87182127": [
      "继承古老灵魂的机械装置的士兵们啊，现在组成队列、交织融合，与新的力量一同转生吧！\n融合召唤，出现吧，等级8！\n机械构造的魔神，古代的机械魔神！"
    ],
    "87259077": [
      "同调召唤！\n光啊，来吧！闪电战士！"
    ],
    "87327776": [
      "超量召唤！斩断幻想的灼热悍马，阶级3，转生炎兽 蜃景雄马！"
    ],
    "87460579": [
      "这神圣的光辉，化做天、地、水、土、金，绽放光芒吧！\n同调召唤，等级10！\n花札卫-五光-！"
    ],
    "87911394": [
      "抓住在未来闪耀的胜利吧！\n重叠的感情，连结的心将改变世界！\n出现吧，混沌No.39 希望皇 霍普雷·胜光！",
      "闪耀希望之魂啊，\n网罗森罗万象，化作指引未来之力吧！\n出现吧，混沌No.39 希望皇 霍普雷·胜光！"
    ],
    "88120966": [
      "操纵着命运之丝来自地狱的使者，\n漆黑的舞台中，打开舞台的布幕！\n出来吧！No.15 机关傀儡-巨人杀手！"
    ],
    "88177324": [
      "贯穿宇宙的雄叫啊，追溯回遥远的过去，从银河之源苏醒吧！\n现身吧！引导我向胜利！No.107 银河眼时空龙！"
    ],
    "88305705": [
      "稀世的飞刀手啊，双瞳闪耀异色光辉的龙啊，融为一体，新的生命在此苏醒！\n融合召唤，现身吧，燃起桀骜双瞳的勇猛之龙，\n勇猛眼灵摆龙！"
    ],
    "89474727": [
      "星流之痕中纺织的所有心愿，与羁绊一起充满这个世界！\n加速同调！光来吧！真闪珖龙 星尘·录！"
    ],
    "89907227": [
      "沉眠于万物之巅峰的卧龙，缠绕全知全能的神气于己身，在此觉醒吧！\n同调召唤！现身吧，白斗气双头神龙！"
    ],
    "90036274": [
      "光辉之翼，化为神速，照耀这天地吧！\n同调召唤，幻透翼疾速龙！",
      "用神速之翼，贯穿过去与未来！\n灵摆召唤，幻透翼疾速龙！"
    ],
    "90579153": [
      "打破命运岩盘的两位英雄啊，现在融为一体，君临于暗黑的未来吧！\n融合召唤，Come on！\n命运英雄 敌托邦人！",
      "决意胜利之宿命的英雄啊，梦想世界的英雄啊，现在融为一体，君临于暗黑的未来吧！\n融合召唤，Come on！\n命运英雄 敌托邦人！",
      "决意胜利之宿命的英雄啊，打破命运岩盘的英雄啊，现在融为一体，君临于暗黑的未来吧！\n融合召唤，Come on！\n命运英雄 敌托邦人！"
    ],
    "90884403": [
      "君临决斗的地平面的最初和最后的神！\n管理混沌的无形之身，展现于现世吧！\n负同调！降临吧，究极幻神 奥特美特尔·比希巴尔金！"
    ],
    "90953320": [
      "解除限制器，LV5！\n打开调节器，推冲器暖机，Ok！上行线路，ALL CLEAR！Go！\n同调召唤！Come on！科技属 超图书馆员！"
    ],
    "93353691": [
      "两刃相交之时，\n忠义之刃在此显现！服从我吧！\n同调召唤！出现吧！不退的荒武者！"
    ],
    "93368494": [
      "卷袭裂风的妖怪之首，解开那狂放之衣！\n袭卷大河，翻掘大地，！\n现身吧，魔妖仙兽 大刃祸是！"
    ],
    "93483212": [
      "君临于北辰之空，全知全能的王者啊，\n此刻统领星界众神，将那份威光展现在众人面前吧！\n同调召唤，统帅天地万物吧，最高神，极神圣帝 奥丁！"
    ],
    "93568288": [
      "出现吧，缠绕着猛烈之魂的诅咒之铠！\nNo.80 狂装霸王 狂想战曲王！"
    ],
    "93657021": [
      "暗黑世界的英雄啊，梦想世界的英雄啊，现在合而为一，君临于黄昏的理想乡吧！\n融合召唤！Come on！\n命运英雄 暮托邦人！"
    ],
    "93717133": [
      "在黑暗中闪耀的银河啊，化为希望之光寄宿于吾仆之身！\n光之化身，在此降临！\n出来吧，银河眼光子龙！"
    ],
    "94515289": [
      "当黑暗与黑暗重叠之时，\n冥府之门将会打开，去那无光的世界吧！\n黑暗同调召唤，出现吧，冰结之菲茨杰拉德！"
    ],
    "94997874": [
      "看破一切的太古之巫女，经由这远古的秘术苏醒吧！\n仪式召唤，等级9！\n圣占术姬 塔罗光巫女！"
    ],
    "95040215": [
      "同调召唤！挥舞神话中名刀的猛禽勇士啊！\n黑羽-星影之苦剑鸟！"
    ],
    "95453143": [
      "当漆黑的帷幕落下之时，\n冥府之眼将会睁开，黑暗降临吧！\n黑暗同调召唤，出现吧，百眼龙！"
    ],
    "95463814": [
      "三股力量合而为一时，最强的魔法将自时空的彼方复甦！\n融合召唤！现身吧，幻魔帝 三联电子人！"
    ],
    "95685352": [
      "劈开暗之帷幕，掌握全新力量的反逆之牙！\n超量召唤，暗向日龙！",
      "灵摆召唤！\n漆黑的支配者，暗向日龙！"
    ],
    "96220350": [
      "翱翔天地之星，飞跃苍茫大地，在此融为一体，化为悠久的霸者之星闪耀吧！\n融合召唤，来吧！霸胜星 韦驮天！",
      "融于天幕者啊，飞跃大地者啊，在此融为一体，化为悠久的霸者之星闪耀吧！\n融合召唤！来吧，等级10，霸胜星 韦驮天！"
    ],
    "96592102": [
      "在红莲中熊熊燃烧的龙哟！燃烧那渴望之翼来照亮我的灵魂吧！\n超量召唤！急袭猛禽-火刃焚烧猎鹰！"
    ],
    "96733134": [
      "拥有异色双眼的眷族啊，用你那锐利的双目将所视之敌燃烧殆尽吧！\n现身吧，霸王眷龙 异色眼！！"
    ],
    "96864105": [
      "冲开混沌漩涡之流，现在浮出那片土地吧！\n混沌No.73 激泷瀑神 渊涌！"
    ],
    "97007933": [
      "拥有十字之姿的魔剑啊，以你的力量将一切敌人斩裂吧！\n同调召唤！现身吧，高速疾行机人 魔剑玉！"
    ],
    "97165977": [
      "起舞于月中的美丽野兽啊，身怀紫色之毒的蝶啊，在月之引力下形成漩涡，脱胎成为崭新的力量吧！\n融合召唤，出现吧，在月光原野翩翩起舞的优美野兽，月光舞豹姬！"
    ],
    "97403510": [
      "舍去虚伪的骸骨，化为神龙出现吧！\nNo.92 伪骸神龙 心地心龙！"
    ],
    "97489701": [
      "王者与恶魔现在就在此交汇，汹涌狂暴的灵魂发出创造天地的呐喊吧！\n双重同调，出现吧，真红莲新星龙！"
    ],
    "97792247": [
      "照亮星空的圣枪啊！解放灵魂，唤醒世界！\n同调召唤！星尘强袭战士！"
    ],
    "97836203": [
      "解除限制器，LVMAX！\n打开调节器, ALL CLEAR！无限的力量，穿破时空，开启未知的世界吧！Go！\n三角加速同调！Come on！科技属 戟炮手！"
    ],
    "98558751": [
      "打开限制器，LV5！\n启动助推器，Ok！倾斜角度，Ok！地面支持，ALL CLEAR！Go！\n同调召唤，Come on！科技属 奇妙魔术师！"
    ],
    "98637386": [
      "用狂野的野兽獠牙捕获吧！\n同调召唤，等级6！\n御用捕食者！"
    ],
    "99267150": [
      "五彩的元素汇聚为汝的怒气，破灭虚空的羁绊！\n降临吧！五神龙！"
    ],
    "99427357": [
      "秘藏着治愈力量的光之天使啊！以美丽的身姿带来迅速的治愈吧！\n降临吧，等级5！\n电子化天使-那沙帝弥-！"
    ]
  }
}